smiles,logvp
COC(F)(F)C(F)(F)C(F)(F)F,2.75
COC(F)(F)C(F)(F)F,3.21
Brc1cc(Br)c(cc1)Oc1ccc(Br)c(Br)c1Br,-8.14
Clc1c(Oc2ccccc2)c(Cl)ccc1Cl,-3.55
Clc1cc(Oc2ccccc2)c(Cl)c(Cl)c1,-3.66
CC(C)C(C(=O)OC(C#N)c1cccc(c1)Oc1ccc(Br)cc1)c1ccc(cc1)OC(F)F,-8.92
Clc1ccc(cc1)Oc1c(Cl)cccc1Cl,-3.66
Clc1ccc(cc1)Oc1cccc(Cl)c1Cl,-3.94
Clc1cc(Cl)c(cc1)Oc1cc(Cl)ccc1,-3.74
Clc1cc2c(c(Cl)c1Cl)c(Cl)ccc2Cl,-6.0
COc1ccc(cc1NNC(=O)OC(C)C)-c1ccccc1,-7.12
CC(C)N(C(=O)COc1[n][n]c([s]1)C(F)(F)F)c1ccc(F)cc1,-6.17
CS(=O)(=O)c1cc(ccc1C(=O)c1c[n]oc1C1CC1)C(F)(F)F,-8.12
CCCC(=O)c1c(C)cc(C)c(C2CC(=O)C(=C(O)C2)C(CC)=NOCC)c1C,-8.12
O=C1c2cc(F)ccc2N=C(N1c1ccc(Cl)cc1Cl)[n]1c[n]c[n]1,-10.32
CC(=NOC)c1cccc(Oc2[n]c(cc([n]2)OC)OC)c1C(=O)OC,-6.64
CC1(CC(=NN1c1ccc(Cl)cc1Cl)C(=O)OCC)C(=O)OCC,-7.33
CCC1(CC2(CO2)c2cc(Cl)ccc2)C(=O)c2ccccc2C1=O,-7.7
N#Cc1c[nH]cc1-c1cccc2OC(F)(F)Oc21,-8.53
Cc1[n]c[n]c(NC(CC)c2ccc(cc2)OC(F)F)c1Cl,-5.62
CC1=NN(c2cc(CC(Cl)C(=O)OCC)c(Cl)cc2F)C(=O)N1C(F)F,-6.92
CC(C)C1CCC(Cc2ccc(Cl)cc2)C1(O)C[n]1c[n]c[n]1,-7.4
CC1(C)CCC(Cc2ccc(Cl)cc2)C1(O)C[n]1c[n]c[n]1,-7.03
CC1=NN(C(=O)N1C(F)F)c1cc(NS(C)(=O)=O)c(Cl)cc1Cl,-9.01
CC(C)(C)c1ccc(CCOc2[n]c[n]c3ccccc32)cc1,-7.59
CS(=O)(=O)N(C)S(=O)(=O)NC(O)=Nc1[n]c(cc([n]1)OC)OC,-6.78
Nc1c(c(C#N)[n][n]1-c1c(Cl)cc(cc1Cl)C(F)(F)F)S(=O)C(F)(F)F,-8.56
CC1(C)[C@@H]([C@H]1C=C(Cl)Cl)C(=O)OCc1c(F)c(F)cc(F)c1F,-5.52
CC(C)(C)C1CCC2(CC1)OC(CO2)CN(CCC)CC,-3.89
CC(C)Cc1c(C2=NCCS2)c([n]c(C(F)F)c1C(=O)OC)C(F)(F)F,-5.65
Clc1cc(Cl)c(cc1)C1(CC(Br)CO1)C[n]1c[n]c[n]1,-7.52
N#CC(C[n]1c[n]c[n]1)(CCc1ccc(Cl)cc1)c1ccccc1,-7.43
FC(F)C(F)(F)OCC(C[n]1c[n]c[n]1)c1ccc(Cl)cc1Cl,-5.87
CN(C)C(=O)[n]1[n]c([n]c1SCC(=O)OCC)C(C)(C)C,-6.92
CC(C)(COCc1cc(ccc1)Oc1ccccc1)c1ccc(cc1)OC(F)(F)Br,-8.23
COc1ccc(cc1OC)C(=CC(=O)N1CCOCC1)c1ccc(Cl)cc1,-8.13
CCOc1ccc(cc1)C(COCc1cc(ccc1)Oc1ccc(Cl)cc1)C(F)(F)F,-9.01
Brc1cccc2Oc3ccccc3Oc21,-4.58
Brc1cc2Oc3cc(Br)ccc3Oc2cc1,-5.89
C[C@@H](Oc1ccc(cc1)Oc1[n]cc(Cl)cc1F)C(=O)OCC#C,-7.62
CCOc1ccc(cc1)[Si](C)(C)CCCc1ccc(F)c(c1)Oc1ccccc1,-7.73
Clc1cc2c(cc(Cl)c(Cl)c2Cl)c(Cl)c1Cl,-6.46
Clc1cc2c(cc1Cl)c(Cl)c(Cl)c(Cl)c2Cl,-6.46
Clc1cc2c(c(Cl)c1Cl)c(Cl)c(Cl)cc2Cl,-6.46
CCOC(=O)c1[n]c([n]([n]1)-c1ccc(Cl)cc1Cl)C(Cl)(Cl)Cl,-8.18
Ic1cc2Oc3ccccc3Oc2cc1,-4.5
Cc1[n]c([n]c([n]1)OC)N(C)C(=O)NS(=O)(=O)c1ccccc1C(=O)OC,-9.41
CC1(C)[C@@H]([C@@H]1/C=C\C(=O)OC(C(F)(F)F)C(F)(F)F)C(=O)O[C@H](C#N)c1cc(ccc1)Oc1ccccc1,-9.48
CCCCCC(C)OC(=O)COc1ccc(Cl)c2ccc[n]c12,-7.4
Cc1cc[n]2[n]c([n]c2[n]1)S(=O)(=O)Nc1c(F)cccc1F,-11.56
CC(CC)SP(=O)(OCC)N1CCSC1=O,-5.38
CC1COc2ccccc2N1C(=O)C(Cl)Cl,-5.35
CC(C)(C)N1N=CC(SCc2ccc(cc2)C(C)(C)C)=C(Cl)C1=O,-5.93
CCOP(=S)(Oc1c[n]c([n]c1)C(C)(C)C)OC(C)C,-4.43
CCOC(=O)C1CC(=O)C(=C(O)C2CC2)C(=O)C1,-4.79
CC(C1CC1)C(O)(C[n]1c[n]c[n]1)c1ccc(Cl)cc1,-6.59
O=C(Nc1ccc(CO/N=C(\C2CC2)/c2ccc(Cl)cc2)cc1)NC(=O)c1c(F)cccc1F,-9.39
Brc1cccc2Oc3c(cccc3Br)Oc12,-5.95
Clc1cc(Cl)c(Cl)c2c1c(Cl)c(Cl)cc2Cl,-6.46
C/C(=N/Nc1[n]c(C)cc(C)[n]1)/c1ccccc1C,-7.51
CON=C(Cc1c[n]ccc1)c1ccc(Cl)cc1Cl,-4.89
O=C(Nc1cc(Oc2[n]cc(cc2Cl)C(F)(F)F)c(Cl)cc1)NC(=O)c1c(F)cccc1F,-12.05
Clc1cc(Cl)c(cc1)N=C(C[n]1c[n]c[n]1)SCc1ccc(Cl)cc1,-9.2
CC(C)C(C)N(CC)C(=O)SCc1ccccc1,-5.12
Clc1cccc2c1oc1c2cc(Cl)c(Cl)c1Cl,-7.4
CN(SN(CCC(=O)OCC)Cc1ccccc1)C(=O)O/N=C(/C)\SC,-7.46
O=C(Nc1cc(Cl)c(F)c(Cl)c1F)NC(=O)c1c(F)cccc1F,-11.22
CN(SN(CCC(=O)OCC)C(C)C)C(=O)Oc1cccc2CC(C)(C)Oc12,-6.7
CC1(C)CON(Cc2ccccc2Cl)C1=O,-3.84
CCCCCCC(C)OC(=O)COc1[n]c(F)c(Cl)c(N)c1Cl,-8.0
CCCCC(O)(C[n]1c[n]c[n]1)c1ccc(Cl)cc1Cl,-6.87
Cc1[n]c(NC(=O)NS(=O)(=O)c2cc[s]c2C(=O)OC)[n]c([n]1)OC,-9.89
COCC(=O)N(c1c(C)cccc1C)N1CCOC1=O,-7.61
CCOP(=O)(Oc1c[n]([n]c1)-c1ccc(Cl)cc1)SCCC,-7.92
N#Cc1c[nH]cc1-c1cccc(Cl)c1Cl,-7.08
Clc1ccccc1-c1[n][n]c([n][n]1)-c1ccccc1Cl,-9.01
CC(CC1CC(O)=C(C(=O)C1)C(CCC)=NOCC)SCC,-6.8
CN(C(=O)COc1[n]c2ccccc2[s]1)c1ccccc1,-8.32
CC(C)=C[C@@H]1[C@@H](C(=O)OCN2C(=O)CN(CC#C)C2=O)C1(C)C,-7.87
O=[N+]1[N-]C(=Nc2ccc(Cl)cc12)[n]1c[n]cc1,-8.65
CCOC(=O)[C@@H](C)Oc1ccc(cc1)Oc1[n]c2ccc(Cl)cc2o1,-7.52
FCC(F)(F)OC(F)F,2.57
CCCCOC(=O)C(C)Oc1ccc(cc1)Oc1ccc(c[n]1)C(F)(F)F,-6.5
Clc1cc(Cl)c(cc1)Oc1ccccc1Cl,-3.73
CCCOC/C(=N\c1ccc(Cl)cc1C(F)(F)F)/[n]1c[n]cc1,-5.85
O=C(Nc1ccccc1)Nc1cc(Cl)[n]cc1,-9.46
CC1(C)[C@H]([C@H]1/C=C(\Cl)/C(F)(F)F)C(=O)O[C@H](C#N)c1cccc(c1)Oc1ccccc1,-8.47
Clc1cc2c(cc1)c(Cl)cc(Cl)c2Cl,-5.07
CCCN(CCOc1c(Cl)cc(Cl)cc1Cl)C(=O)[n]1cc[n]c1,-5.95
Clc1cc2c(oc3c2c(Cl)c(Cl)c(Cl)c3Cl)c(Cl)c1Cl,-10.45
Clc1cc(Cl)c2oc3c(cc(Cl)c(Cl)c3Cl)c2c1,-8.73
Clc1cc2Oc3cc(Cl)c(Cl)c(Cl)c3Oc2cc1,-8.12
CC1(C)[C@H]([C@H]1C(=O)O[C@H](C#N)c1cccc(c1)Oc1ccccc1)C(Br)C(Br)(Br)Br,-10.44
Clc1cc(ccc1)Oc1cc(Cl)c(Cl)cc1,-3.91
CCCC(C[n]1c[n]c[n]1)c1ccc(Cl)cc1Cl,-5.56
Nc1[n]c(NC2CC2)[n]c(N)[n]1,-8.47
Clc1ccc(Cl)cc1Oc1ccc(Cl)cc1,-3.76
Clc1cc(Cl)c2c3c(cc(Cl)cc3Cl)oc2c1,-7.73
CC(C)OC(=O)[C@@H](C)N(c1cc(Cl)c(F)cc1)C(=O)c1ccccc1,-6.2
Clc1ccc(cc1)Oc1cc(Cl)c(Cl)cc1,-3.98
CCN(Cc1c(F)cccc1Cl)c1c(cc(cc1[N+]([O-])=O)C(F)(F)F)[N+]([O-])=O,-6.62
CN(C)C(=O)SCCCCOc1ccccc1,-5.9
Cc1cc(N)ccc1N=Nc1ccc(cc1)[N+]([O-])=O,-9.15
CCCCCCCCCCCCCCCCCCl,-4.34
Cc1cc(C)c(cc1)N=C1SC=CN1C,-4.74
Clc1cc(ccc1Cl)Oc1ccccc1Cl,-3.85
O=C1C(Cl)C(CN1c1cc(ccc1)C(F)(F)F)CCl,-5.48
Brc1cc(Br)c(cc1)Oc1cc(Br)c(Br)cc1Br,-7.51
OC(c1ccccc1Cl)(c1ccc(Cl)cc1)c1c[n]c[n]c1,-6.65
CN1C=C(C(=O)C(=C1)c1ccccc1)c1cc(ccc1)C(F)(F)F,-7.01
CN(SN(C)C(=O)O/N=C(\C)/SC)C(=O)O/N=C(\C)/SC,-4.15
Clc1cc2c(c(Cl)c(Cl)c(Cl)c2Cl)c(Cl)c1Cl,-7.07
Cc1cccc(C)c1N(C1CCOC1=O)C(=O)CCl,-6.82
Clc1ccc2oc3cc(Cl)c(Cl)cc3c2c1Cl,-7.74
Clc1cc(Cl)c(Cl)c2Oc3cc(Cl)c(Cl)cc3Oc12,-9.23
COCC(F)(F)C(F)C(F)(F)F,1.79
Clc1cc2Oc3c(cc(Cl)c(Cl)c3Cl)Oc2c(Cl)c1Cl,-10.44
COC(=O)C(C)N(c1c(C)cccc1C)C(=O)c1ccco1,-6.28
Clc1cc2oc3c(ccc(Cl)c3Cl)c2c(Cl)c1Cl,-8.65
Clc1c(Cl)c2c(cc1Cl)oc1cc(Cl)c(Cl)cc12,-8.76
Clc1ccc2c(oc3cc(Cl)c(Cl)cc23)c1Cl,-7.68
Clc1cc2c(oc3cc(Cl)c(Cl)cc32)c(Cl)c1,-7.71
Clc1c(Cl)c2oc3cc(Cl)c(Cl)cc3c2cc1Cl,-8.58
COc1c(O)cc(Cl)c(Cl)c1Cl,-3.05
FC(F)OC(F)C(F)(F)F,2.82
Cc1cc(Cl)c(OP(=S)(OC)OC)c(Cl)c1,-3.37
CC(C)C(O)(c1ccc(cc1)OC(F)(F)F)c1c[n]c[n]c1,-6.44
Cc1ccccc1C(=O)Nc1cc(ccc1)OC(C)C,-6.38
Clc1ccc(cc1Cl)Oc1ccccc1,-3.19
CCCCCCCCSC(=O)Oc1cc(Cl)[n][n]c1-c1ccccc1,-9.01
OC(=O)COc1[n]c(Cl)c(Cl)cc1Cl,-5.9
CC(=C)CN(CC)c1c(cc(cc1[N+]([O-])=O)C(F)(F)F)[N+]([O-])=O,-4.06
CCOP(=S)(OC(Cl)C(Cl)(Cl)Cl)OCC,-3.1
Clc1cc(Cl)c2cc(Cl)c(Cl)c(Cl)c2c1,-5.68
Clc1cccc2c1cc(Cl)c(Cl)c2Cl,-4.96
Cc1cc(C)[n]c(Nc2ccccc2)[n]1,-4.78
CCCN(CCC)C(=O)SCc1ccccc1,-6.29
Clc1c(cccc1Cl)-c1c(Cl)c(Cl)cc(Cl)c1Cl,-5.96
Clc1cc(Cl)c(-c2ccc(Cl)c(Cl)c2Cl)c(Cl)c1Cl,-5.85
CC1(C)C(C1C=C(Cl)Cl)C(=O)OCc1cccc(c1)Oc1ccccc1,-7.66
Clc1cc(Cl)c(cc1)Oc1ccccc1,-3.04
O=C(Nc1ccccc1)Nc1c[n][n][s]1,-10.64
CC(C)C(C(=O)OC(C#N)c1cc(ccc1)Oc1ccccc1)c1ccc(Cl)cc1,-8.82
CN(C)C1=NC(=O)N(C2CCCCC2)C(=O)N1C,-6.65
CCCOCCN(C(=O)CCl)c1c(CC)cccc1CC,-6.0
CCOP(C)(=O)SCCN(C(C)C)C(C)C,-3.15
CCCCOC(=O)CCCCCCCC,-1.67
COC(=O)c1cc(ccc1[N+]([O-])=O)Oc1ccc(cc1Cl)C(F)(F)F,-7.12
Fc1cc2Oc3cc(Br)c(Br)cc3Oc2cc1F,-7.74
Fc1cc2Oc3cc(Cl)c(Cl)cc3Oc2cc1F,-7.76
Brc1cc2Oc3cc(Br)c(Br)cc3Oc2cc1Br,-8.32
Brc1cc2Oc3ccccc3Oc2cc1Br,-5.92
COCCN(C(=O)CCl)c1c(C)cccc1C,-4.95
Clc1cc2ccccc2c(Cl)c1Cl,-4.7
CC(C)(C)C(=O)C(Oc1ccc(Cl)cc1)[n]1c[n]c[n]1,-7.82
CCOc1cc(ccc1[N+]([O-])=O)Oc1ccc(cc1Cl)C(F)(F)F,-6.7
C/C(/C=C/CC(C)CCCC(C)C)=C\C(=O)OCC#C,-5.14
COC(=O)c1cc(ccc1[N+]([O-])=O)Oc1ccc(Cl)cc1Cl,-7.0
CC(C)[n]1[n]c([n]c1Cl)OP(=S)(OCC)OCC,-4.06
CCC=CC(C)C,1.88
Cc1[n]c(NCC)[n]c(OS(=O)(=O)N(C)C)c1CCCC,-6.12
Clc1cc(Cl)ccc1-c1cc(Cl)ccc1Cl,-5.07
CC1=NN=C(C(=O)N1N)c1ccccc1,-8.19
Brc1cc(Br)ccc1Oc1ccc(Br)cc1,-6.17
CCCSP(=O)(Oc1ccc(Br)cc1Cl)OCC,-6.05
C/C(/C=C/CC(C)CCCC(C)(C)OC)=C\C(=O)OC(C)C,-4.63
CC(C)(C)C1=NN(C(=O)O1)c1cc(OCC#C)c(Cl)cc1Cl,-7.73
Clc1cc2Oc3c(Oc2cc1)c(Cl)c(Cl)c(Cl)c3Cl,-9.18
Clc1cc(Cl)c(Cl)c2Oc3ccccc3Oc12,-6.12
Clc1cc2Oc3ccccc3Oc2cc1,-4.89
Clc1cc2Oc3c(Oc2cc1Cl)c(Cl)c(Cl)c(Cl)c3Cl,-10.42
CC(C)(C)C(CSC)=NOC(=O)NC,-3.77
Brc1cc2Oc3ccc(Br)cc3Oc2cc1,-5.95
Clc1cc2Oc3cc(Cl)ccc3Oc2cc1,-5.98
Clc1cccc(-c2cccc(Cl)c2Cl)c1Cl,-4.13
Clc1cc(ccc1Cl)-c1ccccc1Cl,-3.99
Clc1ccc(-c2ccc(Cl)c(Cl)c2Cl)c(Cl)c1Cl,-5.59
Clc1ccc(Cl)c(-c2cc(Cl)c(Cl)cc2Cl)c1Cl,-5.07
Clc1cc(-c2ccc(Cl)c(Cl)c2Cl)c(Cl)cc1,-4.77
COP(=S)(Oc1cc([n]c(CC)[n]1)OCC)OC,-4.1
Cc1cc(ccc1NS(=O)(=O)C(F)(F)F)S(=O)(=O)c1ccccc1,-5.05
FC(F)(F)/N=C1\C(=N\C(F)(F)F)\S/C(=N\c2ccccc2)/N\1c1ccccc1,-5.0
Clc1cc(-c2cc(Cl)c(Cl)cc2Cl)c(Cl)cc1,-4.6
Clc1cc(-c2ccccc2Cl)c(Cl)cc1,-2.98
FCOC(F)(F)C(F)F,2.37
CCCCCCCCCCCCCCCCO,-5.22
Clc1cccc2Oc3c(Oc12)c(Cl)c(Cl)c(Cl)c3Cl,-9.25
Clc1cc(Cl)c(-c2ccccc2)c(Cl)c1,-3.15
COP(=O)(OC)SCN1c2[n]cc(Cl)cc2OC1=O,-7.44
C=CCOC(C[n]1c[n]cc1)c1ccc(Cl)cc1Cl,-5.92
O=C(Nc1ccc(Cl)cc1)NC(=O)c1c(F)cccc1F,-9.05
CC(C)(C)C(=O)N(Cc1ccccc1)C(C)C,-3.18
Clc1c(ccc(Cl)c1Cl)-c1cc(Cl)c(Cl)c(Cl)c1Cl,-6.2
Clc1ccc(-c2cc(Cl)c(Cl)cc2Cl)c(Cl)c1Cl,-5.42
Clc1cc(Cl)c(Cl)cc1-c1cc(Cl)c(Cl)cc1Cl,-5.46
Clc1ccc(cc1)-c1ccccc1Cl,-2.68
C/C(=N\OC(=O)NC)/C(C)S(C)(=O)=O,-5.7
CC(=NOC(=O)NC)C(C)SC,-4.1
CCN(CC)C(=O)SCc1ccccc1Cl,-4.03
CNC(=O)N(C)c1[n][n]c([s]1)C(C)(C)C,-5.7
Clc1cc(Cl)c(-c2c(Cl)cc(Cl)cc2Cl)c(Cl)c1,-4.92
Clc1cc2Oc3cc(Cl)c(Cl)cc3Oc2cc1,-7.05
CCNc1[n]c(NC(C)(C)C)[n]c([n]1)OC,-5.7
Clc1cc(-c2ccccc2)c(Cl)c(Cl)c1Cl,-4.43
Clc1cc(Cl)c(cc1)-c1ccccc1,-2.86
CCCN(CCCl)c1c(cc(cc1[N+]([O-])=O)C(F)(F)F)[N+]([O-])=O,-4.52
FC(F)OCC(F)F,2.36
Clc1ccc(cc1Cl)-c1cc(Cl)c(Cl)cc1,-4.78
Clc1cc(-c2cc(Cl)c(Cl)cc2)c(Cl)cc1,-4.39
Clc1cc(Cl)c(cc1)-c1cc(Cl)c(Cl)cc1,-4.34
CCC=CBr,1.89
Clc1ccc(cc1Cl)-c1cc(Cl)c(Cl)cc1Cl,-5.05
C/C(=C\C(=O)OC(C)C)/OP(=S)(NCC)OC,-4.84
COP(=O)(NC(C)=O)SC,-5.77
CCSCc1ccccc1OC(=O)NC,-5.15
Clc1cc2Oc3ccccc3Oc2cc1Cl,-5.53
CCO/N=C(\OC(=O)c1ccccc1)/c1c(ccc(Cl)c1OC)OC,-5.47
CCN(CC)c1c(cc(c(N)c1[N+]([O-])=O)C(F)(F)F)[N+]([O-])=O,-5.44
FCOC(C(F)(F)F)C(F)(F)F,2.29
Clc1cccc(Cl)c1Oc1ccccc1,-2.89
CCN(CC)C(=O)SCc1ccc(Cl)cc1,-4.66
CNC1C=NN(C(=O)C=1Cl)c1cc(ccc1)C(F)(F)F,-7.54
CC(C)CCCCCCCOC(=O)c1ccccc1C(=O)OCCCCCCCC(C)C,-6.28
O=CNC(N1CCN(CC1)C(NC=O)C(Cl)(Cl)Cl)C(Cl)(Cl)Cl,-6.7
CCCN(CC1CC1)c1c(cc(cc1[N+]([O-])=O)C(F)(F)F)[N+]([O-])=O,-4.2
COc1[n]c(NCC)[n]c(NC(C)CC)[n]1,-5.14
CCOC1Oc2ccc(cc2C1(C)C)OS(C)(=O)=O,-5.31
CC(C)OP(=O)(OC(C)C)SCc1ccccc1,-4.39
CC(C)=CC1C(C(=O)OCc2cccc(c2)Oc2ccccc2)C1(C)C,-6.84
CC(C)c1ccccc1-c1ccccc1,-3.3
Cl.CCCOC(=O)NCCCN(C)C,-6.54
CCOP(=S)(NC(C)C)Oc1ccccc1C(=O)OC(C)C,-5.52
CCOC(=O)CN1C(=O)Sc2cccc(Cl)c12,-5.56
CC(C)N1C(=O)c2ccccc2NS1(=O)=O,-5.46
Clc1cc(Oc2ccccc2)c(Cl)cc1,-3.0
Clc1cc(cc(Cl)c1)Oc1ccccc1,-3.0
CC=C(C)C(C)C,1.83
CCCCC(COC(=O)Cl)CC,-0.77
CC1CCCCN1C(=O)CSP(=S)(OCCC)OCCC,-6.62
CC(C)(C#C)NC(=O)c1cc(Cl)cc(Cl)c1,-6.36
Cc1[n]c(NCC)[n]c(O)c1CCCC,-5.7
COC(=O)NC(=S)Nc1ccccc1NC(=S)NC(=O)OC,-7.15
Cc1cc([n]c([n]1)N(CC)CC)OP(=S)(OCC)OCC,-3.54
CC(C)COCC(C)O,0.11
CCCCOCN(C(=O)CCl)c1c(CC)cccc1CC,-5.54
Cc1[n]c([n]c(OC(=O)N(C)C)c1C)N(C)C,-5.14
CC(C)Nc1[n]c(NC2CC2)[n]c(Cl)[n]1,-6.52
CC(C)C(C)Nc1[n]c(NCC)[n]c([n]1)SC,-5.85
[Na+].[O-]C(=O)C(F)(F)C(F)F,-3.52
Cc1cc(ccc1SC)OP(=O)(NC(C)C)OCC,-6.0
CC(C)CCO[N+]([O-])=O,0.71
COP(=S)(Oc1cc(Cl)c(Br)cc1Cl)c1ccccc1,-7.64
CCOP(=O)(N=C1SCS1)OCC,-5.19
CSC1=NN=C(C(=O)N1N)C(C)(C)C,-6.36
CN1C(=O)N(OC1=O)c1cc(Cl)c(Cl)cc1,-6.0
COCC(C)OCC(C)OCC(C)O,-1.7
Clc1c2ccccc2c(Cl)c(Cl)c1Cl,-5.54
CC(C)Oc1cc(c(Cl)cc1Cl)N1N=C(OC1=O)C(C)(C)C,-6.95
CCCCCCCCCCCCCS,-3.16
Clc1cc2Oc3cc(Cl)c(Cl)c(Cl)c3Oc2c(Cl)c1Cl,-10.31
CCCCCCCCCCCCCCI,-3.85
CC(C)(C)c1cc2cc3ccccc3cc2cc1,-6.19
CNC(=O)N(C)c1[n]c2ccccc2[s]1,-6.95
CC(C)OC(=O)C(O)(c1ccc(Br)cc1)c1ccc(Br)cc1,-7.09
COP(=S)(Oc1cc(Cl)c(I)cc1Cl)OC,-6.08
CCCC(C)=CC,1.7
CCC(CC#N)C#N,-1.72
CCC(C)OC(=O)Cl,1.03
CCOP(=O)(Sc1ccccc1)Sc1ccccc1,-6.57
CC(=NOC(=O)NC)SC,-5.27
CC(C)(C(C)C)C(C)C,0.95
CC(C)(C)C(CC)CC,1.05
CC(CC)C(C)(C)CC,0.95
CCCC(C)(C)C(C)C,0.99
CCC(C)CC(C)(C)C,1.2
CCCC(C)C(C)(C)C,1.06
CN(C)O,1.33
Clc1ccc(Cl)cc1-c1ccc(Cl)cc1,-3.4
C1C2CC=CCC21,1.36
CC(C)C=CC(C)C,1.64
CCCCCC(C)=C,1.3
Clc1cc(-c2ccccc2)c(Cl)cc1Cl,-3.01
CC(Oc1cccc2ccccc21)C(=O)N(CC)CC,-6.76
ClC(C(Cl)Cl)C(Cl)Cl,-0.03
C=CCOC(=O)OCC=C,-0.99
CCOP(=S)(O/N=C(\C#N)/c1ccccc1)OCC,-4.8
Brc1c(-c2c(Br)c(Br)c(Br)c(Br)c2Br)c(Br)c(Br)c(Br)c1Br,-9.4
CCOP(=S)(Oc1c[n]c2ccccc2[n]1)OCC,-5.59
CC(C)(C)C(C)(C)CCC,0.59
CON(C)C(=O)Nc1ccc(Br)c(Cl)c1,-6.4
CCOP(=O)(SCCC)SCCC,-3.42
ClC(Cl)(CCl)CCl,0.48
Clc1ccccc1-c1ccccc1Cl,-2.56
COc1ccc(cc1)C(O)(C1CC1)c1c[n]c[n]c1,-6.7
COC(=O)Nc1[nH]c2ccccc2[n]1,-9.12
ClC(Cl)=C(Cl)CCl,0.43
COP(N)(=O)SC,-4.45
CCCCCCCCCCCC(=O)OC(C)C,-2.57
CCC(Cl)(Cl)Cl,1.5
CC(=CC(O)OC)OP(O)(OC)OC,-3.89
C/C(=C\C(=O)OC(C)c1ccccc1)/OP(=O)(OC)OC,-4.85
CC(Cl)C(C)Cl,1.39
CCc1cc(C=C)ccc1,-0.09
O=C[C@@H]1C[C@@H]2[C@@H]3[C@H]1[C@]1(Cl)[C@]4(Cl)[C@H]2[C@]4(Cl)[C@@]3(Cl)C1(Cl)Cl,-6.7
CSc1ccc(cc1)OP(=O)(OCCC)OCCC,-6.05
CSc1[n]c(NC(C)C)[n]c(NC(C)C)[n]1,-5.91
Cc1cc(O)c(cc1Cl)[N+]([O-])=O,-3.07
CC(C)=C(C)CCC,1.26
CCCCCCCCCCCCCCC(=O)OC,-3.79
Cc1cc(Cl)ccc1O[C@H](C)C(O)=O,-5.58
CC(CC)C1CCCCC1,0.37
Clc1cc(Cl)ccc1-c1ccc(Cl)cc1,-3.71
CNC(=O)Oc1ccccc1C1OCCO1,-6.52
CCCCCCCCC(C)C,-0.22
C/C(=C\C(=O)NC)/OP(=O)(OC)OC,-5.66
Clc1ccc(cc1)Oc1ccccc1Cl,-3.15
CC(CC)OC(C)CC,1.21
Clc1ccc(cc1)Oc1cc(Cl)ccc1,-3.19
CCCCCCCCCCCCCCCC=C,-3.34
CCCCCCCCCCCc1ccccc1,-3.62
CC1=CC[C@H](CC1=O)C(C)=C,-0.99
CC(CO[N+]([O-])=O)O[N+]([O-])=O,-0.42
OP(O)(=O)CN(CP(O)(O)=O)CP(O)(O)=O,-11.16
OC(=O)COc1ccc(Cl)cc1CO,-6.18
CCCCCCCCCCC(C)=O,-1.69
Cc1cc(Cl)ccc1N=CN(C)C,-3.03
CC(C)(C)OC(C)(C)C,1.51
CCCCC(C)=C,1.78
CCCCC(O)C(O)=O,-5.5
CCCC(C)O,0.79
CCCCCCCCCCCCCC1CCCCC1,-5.04
CCNc1[n]c(Cl)[n]c(NC(C)(C)C)[n]1,-5.95
CC1NC(=O)N(C(=O)C=1Cl)C(C)(C)C,-6.33
CC(C)OC(=O)C(O)(c1ccc(Cl)cc1)c1ccc(Cl)cc1,-6.74
CCCCCCCC1CCCCC1,-1.4
COP(=S)(Oc1[n]c(Cl)c(Cl)cc1Cl)OC,-4.38
CCCCCCCC(=O)OC(C)C,-0.96
Brc1cc(Br)c(cc1)Oc1ccc(Br)cc1Br,-7.15
CC(Br)C(C)Br,0.58
Cc1ccc(cc1)C(=O)CC,-1.03
Oc1ccc2ccc3cccc4ccc1c2c34,-8.32
CC1OCCSC=1C(=O)Nc1ccccc1,-6.82
Cc1[n]c([n]c(O)c1CCCC)N(C)C,-4.96
ClC1(Cl)C2(Cl)C3C(C(Cl)C(Cl)C3Cl)C1(Cl)C(Cl)=C2Cl,-6.02
CC(C)CCCC=C,1.4
CCOC(=O)C(=O)Cl,0.88
CS(=O)(=O)c1cc(c(c(c1)[N+]([O-])=O)N(CCC)CCC)[N+]([O-])=O,-8.03
CC(CCC#N)C#N,-2.29
COC1CCC=CO1,1.04
OCCC1CCCCC1,-0.78
CCCCCCCCCCCCCCCCCCCBr,-5.65
CCCCCC1CCCCC1,-0.43
CCCCCCCCCCCI,-2.35
CCCCCCCCCI,-1.56
CCCCCCCCCCCCCCCCCCCCBr,-6.08
Cc1cc2ccccc2o1,-0.31
CN(C)[N+]([O-])=O,-0.44
CCSc1[n]c(NC(C)C)[n]c(NC(C)C)[n]1,-5.8
O=C(OC(=O)C(Cl)(Cl)Cl)C(Cl)(Cl)Cl,-0.91
CCSCCC,1.27
CC(C)(C)NCCNC(C)(C)C,-0.58
NCCCCCCO,-2.62
CCOC(=O)C(C)(C)C,1.25
CCCSC,1.71
CC(C)C1CCCC1,1.21
CC[C@H](C)CC=C,1.87
CCC(C)c1ccccc1OC(=O)NC,-3.85
CC(=O)CC(C)=C,1.18
CC1CCC(C1)CC,0.8
CC1CCC(C)C(C)C1C,0.12
CCN(O)CC,0.53
CCOP(=S)(OP(=S)(OCC)OCC)OCC,-3.98
CCCCC(COP(=O)OCC(CCCC)CC)CC,-4.24
C=CC[Si](Cl)(Cl)CC=C,0.45
CCCCCCCCSCCO,-3.23
CC(C)CCC(C)(C)C,1.22
CCc1ccc(C=C)cc1,-0.02
CC(CCO)CC(C)(C)C,-0.52
CCCCCCCC#C,0.8
Ic1ccc[s]1,0.91
ClC(Cl)=C(c1ccccc1Cl)c1ccc(Cl)cc1,-5.21
CC(C)CC=C(C)C,1.4
CCC(C)C(C)=C,1.91
CC(CC)=CCC,1.91
CCCC(C)C=C,1.92
CCCCCCCCCCCCCCCCCCCl,-4.77
CCCCC(C)Br,0.86
N#CC1SC2=C(SC=1C#N)C(=O)c1ccccc1C2=O,-10.69
Clc1c2Oc3c(Oc2c(Cl)c(Cl)c1Cl)c(Cl)c(Cl)c(Cl)c3Cl,-12.08
CCCCCCC(C)C,0.79
CCCCc1ccccc1O,-1.99
CC(C)(C)C1CCCCC1,0.37
O=C=Nc1cccc2c1cccc2N=C=O,-4.47
Clc1ccc(Cl)[s]1,0.93
CC1CC(C)(C)CCC1,1.03
CN(OC)C(=O)Nc1ccc(Br)cc1,-5.52
[O-][N+](=O)c1cc(ccc1O)C=O,-3.05
CCCCCC[C@H](C)S,-0.15
C=CCOC(=O)Cl,1.3
CCCCCCCCCCCCCCCCS,-4.99
O=C=Nc1cccc(Cl)c1,-0.71
CC(=C)c1ccc(cc1)C(C)(C)N=C=O,-2.33
CCCCCCCCCC1CCCCC1,-2.61
O=C(Cl)CCCC(=O)Cl,-0.93
FC(Cl)C(F)(F)F,3.46
Cc1cc(/N=N/c2ccc(cc2)NC(C)=O)c(O)cc1,-10.3
CC#CCCCCC,0.88
CCCOCCO,0.49
NC1=C(Cl)C(=O)c2ccccc2C1=O,-6.35
CCCC=C(C)C,1.73
Clc1ccccc1Oc1ccccc1,-2.4
Cc1cccc(N)c1N,-3.26
COc1cc(Cl)c(cc1Cl)OC,-2.52
COc1cc(Cl)c(Cl)c(Cl)c1O,-2.73
CNC(=O)Oc1cc(cc(c1)C(C)(C)C)C(C)(C)C,-5.7
CCOP(=S)(OCC)SCN1N=Nc2ccccc2C1=O,-5.62
COP(=S)(Oc1ccc(cc1)C#N)OC,-3.1
CNC(=O)Oc1ccccc1C(C)C,-4.68
C=Cc1ccc(O)cc1,-1.85
CCOC(=O)C(SP(=S)(OC)OC)c1ccccc1,-5.59
CCOc1[n]c([n][s]1)C(Cl)(Cl)Cl,-4.0
CN(C=O)C(=O)CSP(=S)(OC)OC,-6.07
COc1c(O)c(Cl)c(Cl)c(Cl)c1Cl,-4.08
CCCCCCC(=O)Cl,-0.35
CCCCCCCCOC(=O)C=C,-0.99
CN(C)c1ccc(cc1)N=Nc1ccc(cc1)[N+]([O-])=O,-10.0
[O-][N+](=O)c1ccc(cc1)N=Nc1ccccc1,-5.93
CCN(CC)c1ccc(cc1)/N=N/c1ccccc1,-7.07
CCCCCCCCCCl,-0.57
COP(=S)(Oc1ccc(cc1Cl)[N+]([O-])=O)OC,-5.44
COc1cc(Cl)c(Cl)cc1O,-2.35
CC1CCCC1C,1.67
Clc1ccc(cc1)Oc1ccc(Cl)cc1,-3.3
Cc1cc2[n]c3SC(=O)Sc3[n]c2cc1,-6.7
Clc1cc(Cl)c(cc1)-c1ccc(Cl)cc1Cl,-4.06
CCCCCCCCCCCC=C,-1.2
CCCCCCCCCCCC#N,-2.63
C=C(Cl)C(Cl)CCl,0.27
CCCCOCC1CO1,0.51
CC(C)(C)NC=O,-0.57
Cc1cc(ccc1C)OC(=O)NC,-3.24
Cc1ccc(C)c(O)c1C,-1.46
Cc1ccc(O)c(c1)C(C)(C)C,-1.6
Fc1cc(F)c(F)c(F)c1,1.87
CCCCF,2.76
CCCOC(=O)c1ccccc1,-0.87
CC(C)(C)c1ccc(cc1)OC1CCCCC1OS(=O)OCC#C,-6.52
CC(C)N(C(C)C)C(=O)SCC(Cl)=C(Cl)Cl,-3.92
CC(=O)OO[N+]([O-])=O,1.47
C=CC(=O)OCCOC(=O)C=C,-1.18
Clc1c2c(c(Cl)c(Cl)c1Cl)c(Cl)c(Cl)c(Cl)c2Cl,-7.96
ClC1(C(Cl)=C(Cl)C(Cl)=C1Cl)C1(Cl)C(Cl)=C(Cl)C(Cl)=C1Cl,-5.66
CC(CCC)CCCC,0.83
CCSC(=O)N1CCCCCC1,-2.25
CCCCCCCCc1ccccc1,-1.95
Brc1c2Oc3c(Oc2c(Br)c(Br)c1Br)c(Br)c(Br)c(Br)c3Br,-12.51
Clc1c(Br)c(Br)c2Oc3c(Oc2c1Br)c(Br)c(Br)c(Cl)c3Br,-12.5
CN(C)C(=O)Nc1cc(ccc1)C(F)(F)F,-6.03
[Na+].C[As]([O-])(O)=O,-7.12
CC(CO)CO,-1.68
Clc1cc(Cl)c(Cl)c(-c2c(Cl)c(Cl)cc(Cl)c2Cl)c1Cl,-5.41
Clc1ccccc1C(Cl)(Cl)Cl,-1.3
COP(=S)(Oc1cc(Cl)c(Br)cc1Cl)OC,-3.89
CCN(Cc1c[n]ccc1)CC,-2.37
Clc1cc(ccc1)-c1ccccc1,-2.13
Clc1ccccc1-c1ccccc1,-2.86
CC(C)CCCC(C)CC,0.47
CCCCCNCCCCC,-0.82
CCCCCCCCCCI,-1.85
Clc1ccc2ccccc2c1Cl,-2.7
Clc1cc(ccc1)-c1cc(Cl)ccc1,-3.19
Cc1cc(CC)cc(CC)c1,0.0
CCOC(=O)CCCCCC(=O)OCC,-2.51
CCCCC1CCCC1,0.6
Cc1cc(C=C)c(C)cc1,0.0
C=Cc1ccccc1Cl,-0.02
C=Cc1ccc(Br)cc1,-0.11
CC(C)c1cc2ccccc2cc1,-2.29
CCSC(=O)N(CC(C)C)CC(C)C,-1.89
CC1CCCCC1NC(=O)Nc1ccccc1,-8.4
CCCCCC(C)Br,0.36
CC(C#C)OC(=O)Nc1cccc(Cl)c1,-4.8
CCCC#CCCC,0.99
CCCSC(=O)N(CCC)CCC,-1.98
CCCCOCCOC(=O)COc1ccc(Cl)cc1Cl,-5.35
CCCCC(COC(=O)COc1cc(Cl)c(Cl)cc1Cl)CC,-5.92
CC(C)N(C(=O)CCl)c1ccccc1,-3.64
NC(=S)c1c(Cl)cccc1Cl,-6.0
CCNc1[n]c(Cl)[n]c(NC(C)C)[n]1,-6.54
N#Cc1c(Cl)c(Cl)c(Cl)c(C#N)c1Cl,-6.24
ClC(Cl)=C(Cl)C(Cl)(Cl)Cl,-0.61
O=C(Cl)Oc1ccccc1,-0.25
Cc1cc(c(O)c(C)c1)C(C)(C)C,-1.35
CCC(C)CS,1.3
CCCCN(CC)c1c(cc(cc1[N+]([O-])=O)C(F)(F)F)[N+]([O-])=O,-4.19
COC(=O)c1c(Cl)c(Cl)c(c(Cl)c1Cl)C(=O)OC,-5.6
CCO[Si](C)(C)C,2.06
CC(F)(F)C(F)(F)F,3.54
CCCCCCCCCCC1CCCCC1,-2.99
CCCCCCCCC1CCCCC1,-2.04
CCc1cc(C)ccc1C,-0.03
Clc1cc2Oc3cc(Cl)c(Cl)cc3Oc2cc1Cl,-8.82
Cc1cccc2c1Cc1ccccc-21,-3.52
CC(F)(Cl)Cl,2.78
CC(C)O[N+]([O-])=O,1.53
OC(=O)c1[n]c(Cl)ccc1Cl,-4.92
NC1C=NN(C(=O)C=1Cl)c1ccccc1,-6.35
O=C1C(Cl)=C(Cl)C=NN1c1ccccc1,-4.05
CC1(C)C2CC1CC1OC12C,-0.09
SC1CCCC1,1.06
CC(C)CC1CCCCC1,0.68
CCCCC1CCCCC1,0.12
CCC1CCCCC1,1.11
N#CCCOCCC#N,-3.76
CCCCCCCCCC(C)O,-1.48
CNC(=O)O/N=C/C(C)(C)S(C)(=O)=O,-4.05
CNC(=O)O/N=C/C(C)(C)S(C)=O,-4.0
CCC1CCCC1,1.6
CCCCc1ccc(O)cc1,-2.65
CCOC(=O)C(CC(=O)OCC)SP(=O)(OC)OC,-5.01
CCCCC(=C)CC,1.29
C1CCCCS1,0.9
CCNc1[n]c(NC(C)C)[n]c([n]1)OC,-5.54
CCCN(CCC)c1c(cc(cc1[N+]([O-])=O)C(F)(F)F)[N+]([O-])=O,-4.34
Cc1cc(Cl)ccc1O,-1.62
SC1CCCCC1,0.6
CC1(C)Cc2cccc(OC(=O)NC)c2O1,-5.31
CSC(C)C,1.9
CC(C)(C)C(=O)OC(=O)C(C)(C)C,-0.36
COc1c(cccc1OC)C(O)=O,-5.73
c1cccc2c(c3ccccc3c(c21)-c1ccccc1)-c1ccccc1,-9.84
CCCOCC=C,1.78
C1OC1C1CO1,1.59
CCCCCCCCCCCCCCCCc1ccccc1,-5.45
CCCCCCCCCS,-0.88
C(Nc1:[nH]:c:[n]:c2:[n]:c:[n]:c-2:1)c1ccccc1,-10.75
Cc1cc(ccc1)Nc1ccccc1,-3.83
C/C(=C\c1ccccc1)/C(O)=O,-3.04
CC1(C)C2CC(C)(CC2)C1=O,-0.09
N#Cc1c(Cl)cccc1Cl,-3.18
C=C1CCCCC1,1.6
O=C1CCC1,1.63
CC=CC#N,1.5
CCC(=O)NC,0.06
CCN(C1CCCCC1)C(=O)SCC,-2.7
Cc1cc(ccc1)OC(O)=NC,-2.97
CCCCOc1ccccc1,-0.53
CC(CO)c1ccccc1,-1.72
CCCCCCCCCCCCC=C,-1.82
N#CCC=CCC#N,-2.16
COC(=O)CCCC(=O)OC,-0.74
CNOC,2.58
CNC(=O)CSP(=O)(OC)OC,-4.61
CN(C)S(=O)(=O)N(SC(F)(Cl)Cl)c1ccccc1,-6.95
CCCCCCCCCc1ccccc1,-2.24
Cc1ccc(CCC)cc1,0.04
Cc1cccc(CCC)c1,0.42
C=Cc1ccc(Cl)cc1,-0.09
OC(=O)CNCP(O)(O)=O,-7.01
CC(C)(C)CCC(C)(C)C,0.94
CC(C)(C)CC(C)(C)C,1.3
CC(C)C(C)CC(C)C,1.07
CCC(C(C)C)C(C)C,1.0
CC(CC)(CC)CC,1.36
O=S1(=O)OCC2C(CO1)C1(Cl)C(Cl)=C(Cl)C2(Cl)C1(Cl)Cl,-6.55
ClC1(Cl)C2(Cl)C3C4OC4C(Cl)C3C1(Cl)C(Cl)=C2Cl,-4.71
Brc1ccc[s]1,1.37
CCCCCCCCCCCCCCC(O)=O,-6.36
CCCCCCCCCCCl,-2.01
C[Si](C)(C)N[Si](C)(C)C,1.14
[Cl-].C[N+](C)(C)CCCl,-7.12
C=CCOC(=O)/C=C\C(=O)OCC=C,-2.17
CC[Si](Cl)(CC)CC,0.83
[O-][N+](=O)c1cc(ccc1Nc1ccccc1)[N+]([O-])=O,-8.52
COP(=O)(OC(=CCl)c1cc(Cl)c(Cl)cc1Cl)OC,-7.38
CN(C)C(=O)C(c1ccccc1)c1ccccc1,-7.52
C(Oc1ccccc1)c1ccccc1,-2.2
CCP(=S)(OCC)Sc1ccccc1,-3.47
CC(=O)c1cccc2ccccc21,-3.41
CCc1cc(C)c(C)cc1,-0.13
CCc1cc(C)cc(C)c1,0.01
Oc1cc(Cl)cc(Cl)c1Cl,-1.66
[C-]#[N+]c1ccccc1,0.38
C[C@@H]1CCC[C@H]1CC,1.3
NCCOCCO,-2.81
CCCCO[N+]([O-])=O,0.92
CCCCCC(=O)CCCCC,-1.3
CCCCN(CCCC)N=O,-1.33
CCC(C)=CC,2.2
CC(C)C(C)C(C)CC,0.96
CC(C)(CC)OCC,1.7
CCSCCSP(=O)(OC)OC,-3.52
CCNc1[n]c(NC(C)(C)C)[n]c([n]1)SC,-5.77
O=C1CCCCCCCCCC1,-1.31
Cc1cc2ccc(C)[n]c2cc1,-2.36
CCc1ccc(C)cc1C,-0.07
CCc1ccc[s]1,1.05
CN1CCCC1=O,-0.46
Brc1c[s]cc1,1.22
CCCCCCCC(C)C,0.28
C=CCS,2.72
COP(=O)OC,0.66
COCCCNc1[n]c([n]c(NC(C)C)[n]1)SC,-6.55
CCNc1[n]c(NC(C)C)[n]c([n]1)SC,-5.56
Cc1cccc2c3ccccc3ccc21,-4.82
Cc1c(N)cccc1N,-2.61
CCCCCCCCCC=C,-0.31
CCCCCCCC(C)=O,-0.2
CCOC(=O)CCCC(=O)OCC,-0.79
CCCCCCCC(=O)CCCCCCC,-3.39
CC=C(CC)CC,1.72
FCC(F)(F)F,3.7
O=P(c1ccccc1)(c1ccccc1)c1ccccc1,-8.59
Clc1ccc(cc1)C(c1ccccc1Cl)C(Cl)(Cl)Cl,-5.87
Cc1c2ccccc2cc2ccccc21,-4.4
C1Cc2ccccc2-c2ccccc21,-3.22
Oc1c(F)c(F)c(F)c(F)c1F,0.46
C[Si](C)(Cl)c1ccccc1,-0.14
COc1ccccc1Cl,-0.62
CCCCCCCCCCCCCBr,-2.87
CC(=C)CCO,0.55
CCCC(C)=C,2.29
CCOP(O)OCC,1.05
CCC(=C)CC,2.24
CCC(C)C=C,2.43
CCSC(=O)N(CCC)CCC,-1.62
NS(=O)(=O)C(F)(F)C(F)(F)C(F)(F)C(F)(F)C(F)(F)C(F)(F)C(F)(F)C(F)(F)F,-0.61
CC(C)OP(=S)(OC(C)C)SCCNS(=O)(=O)c1ccccc1,-6.1
CC(C)(C)c1cc(c(O)c(c1)C(C)(C)C)C(C)(C)C,-3.18
CN(C)S(=O)(=O)N(SC(F)(Cl)Cl)c1ccc(C)cc1,-5.82
Nc1ccc(cc1)N=Nc1ccc(cc1)[N+]([O-])=O,-9.52
Cc1c(C)c(C)cc(C)c1C,-1.46
Cc1cc(CC)cc(O)c1,-2.06
Cc1cc(O)c(C)c(C)c1,-2.42
Cl[As](Cl)c1ccccc1,-0.95
CCCCCCCCCCCBr,-1.92
CCCCCOCCCCC,-0.07
CCCCCCCCC(C)=O,-0.57
[O-][N+](=O)OCCOCCO[N+]([O-])=O,-2.23
CCSCCCl,0.53
C=COC=O,2.5
C=CC#C,3.13
O=C(C(F)(F)F)C(F)(F)F,3.35
CN(C)P(=O)(N(C)C)N(C)C,-1.34
C=CC(F)(F)F,3.64
O=C1CCCCN1,-2.36
C=C1CC(=O)O1,1.03
CC(Cl)c1ccccc1,-0.19
CCCCCCCF,1.26
CC(C)CC(=O)OCCC(C)C,-0.05
C1OCCO1,1.9
CCCC=C(CC)C=O,0.11
CCCc1ccc(O)cc1,-1.43
CCCOC(=O)C(C)C,0.92
CCCc1ccccc1O,-1.05
CCSCCSP(=S)(OC)OC,-4.77
CCCCCCCCCCCCC(O)=O,-4.9
CCCCCCI,0.15
Cc1ccc(C)[s]1,0.99
CCCC(C)I,1.04
CCOC(C)(C)C,2.09
CCC(=O)OC(C)C,1.35
CC(C)c1cc(C(C)C)c(cc1C(C)C)C(C)C,-2.7
OC(=O)c1ccc[nH]1,-5.65
Clc1ccc(Cl)c(Cl)c1Cl,-1.41
CC[Si](CC)(CC)CC,0.7
ClCC(Cl)(Cl)Cl,1.08
CCCCCCCCCCCCCCCCCCCCCCCCCCCCCCCCCCC,-11.27
CCCCCCCCCCCCCCCCCCCCCCCCCCCCCCCCC,-10.4
CCCCCCCCCCCCCCCCCCCCCCCCCCCCCCC,-10.85
CCCCCCCCCCCCCCCCCCCCCCCCCCCC,-8.8
CCCCCCCCCCCCCCCCCCCCO,-7.34
CCCCCCCCCCCCCCCCCCI,-5.72
CCCCCCCCCCCCCCCCC,-3.64
CCCCCCCCCCCCCCCO,-4.41
CCCCCCCCCCCCCCC=C,-2.58
CCCCCCCCCCCCCCC,-2.46
CCCCCCCCCCCCCC,-1.94
CCCCCCCCCCCCC,-1.25
CCCCCCCCI,-0.6
C1C=CC=CC=CC=1,0.89
CCCSSCCC,-0.29
OCCCCCCO,-3.3
CCCCCCCCl,0.45
CCCCCCC#C,1.13
CCCCCCC[C@H](C)O,-1.17
CCCCCCCCCCCCCCCC(=O)OCC,-4.63
[O-][N+](=O)OCCO[N+]([O-])=O,-1.14
CCCCOCC,1.71
ClCCCCCCl,0.05
CCCCCC#N,0.45
CCCCCCC(C)Cl,0.14
CC(C)COCC(C)C,1.19
O=CNNC=O,-6.13
CCOCCC,2.26
CCCCSC,1.19
CCCCCI,0.64
CCCCC=C(C)C,1.25
COC(=O)CCCCC(=O)OC,-1.22
O=C(Cl)/C=C/C(=O)Cl,0.32
CC(C)CCC(C)O,0.31
CC#CCC,2.37
CCCO[N+]([O-])=O,1.37
CCCOC(N)=O,-1.26
CCCCC(C)O,0.4
CN1CCCCC1,1.29
Brc1c[n]ccc1,0.24
Cc1ccc(C)[nH]1,-0.09
CC(C)SC(C)C,1.28
CC(=O)NC(C)=O,-2.0
CCO[N+]([O-])=O,1.81
CC(C)OC=O,2.14
COCC(O)=O,-0.84
CCCC(C)Cl,1.69
CCC=C(C)C,2.2
CCCCC(C)(C)O,0.32
CC(=O)CC(C)(C)N,-0.7
CC(C)(C)CCO,0.39
CSSC,1.46
CN=C=O,2.54
FCCF,2.79
CCCCCOC(=O)CC,0.56
CCCCC(=O)OC,1.28
CCOC(=O)CI,-0.2
CC[C@H](O)CCC,0.68
Cc1ccc(C=C)cc1,0.26
Cc1ccc(CC)cc1,0.48
CCc1cccc(O)c1,-1.3
Cc1cccc(CC)c1,0.48
CCCC(CC)CC,1.3
Cc1cc(cc(c1)[N+]([O-])=O)[N+]([O-])=O,-3.39
O=C(Cl)c1cc(Cl)ccc1,-0.85
O=C(Br)c1ccccc1,-0.65
CCN(CC)C=O,0.08
CCC(CC)CC,1.76
CC(C)C(O)CCC,0.13
O=C1CCCN1,-2.02
Cc1c[s]cc1,1.35
CCC(Cl)CCl,1.32
CCC(Cl)CC,1.67
CN1C=CC(=O)NC1=O,-3.29
Cc1ccccc1I,-0.34
CCOC(=O)c1ccco1,-0.43
Cc1cc2cc3ccccc3cc2cc1,-5.27
Cc1cc2[n]cccc2cc1,-2.05
CC(c1ccccc1)c1ccccc1,-1.85
Nc1cccc2[n]cccc21,-4.77
Cc1ccccc1C=C,0.27
Cc1ccccc1CC,0.42
CC(=O)Oc1ccccc1[N+]([O-])=O,-2.66
CC(C)C(CC)CC,1.38
Clc1c(Cl)c(Cl)cc(Cl)c1Cl,-3.0
CN1C(=O)NC=CC1=O,-3.15
CC(C)C(O)C(C)C,0.48
CCC(C)[N+]([O-])=O,0.89
CCOC(=O)C(C)(C)Br,0.42
FC(Cl)=C(F)Cl,2.95
CC(Cl)C(Cl)Cl,0.49
CC1CCC1,3.17
COC(C)C,2.78
CC(=O)CBr,1.95
CC[As](Cl)Cl,0.36
CCCS(=O)(=O)CCC,-2.39
CC[C@@](C)(O)CCC,0.29
CC(C)(C)C(C)(C)C,1.32
CC(Cl)(Cl)[N+]([O-])=O,1.23
CC(C)(C)[N+]([O-])=O,1.08
CC(C)C(C)(C)O,0.51
CC(=C)C(C)(C)C,2.05
ClSC(Cl)(Cl)Cl,0.48
CC(Cl)Br,1.93
C[Se]C,2.38
C=CBr,3.01
CC[As],2.7
CF,3.46
CCCCCCCCCCCCCCCCCC,-3.47
CCCCCCCCCCCC(C)=O,-1.98
CCC/C=C/CCC,1.25
CCCCOC=O,1.46
CC=CCCCC,1.68
CCCCCC=C,1.77
CCCCCF,2.27
CCC=CC=C,2.11
CCC=CCC,2.22
CCCCC=C,2.26
CCCCOC(=O)Cl,0.82
CC(C)CCC(C)C,1.48
CC=CCCl,1.84
CCC=C=C,2.57
CC(=O)OCC=C,1.43
CCCCC(C)=O,1.06
CCCCC(C)C,1.82
CC1CCCC=C1,1.54
Oc1cc(Cl)cc(Cl)c1,-2.07
CC1CC(O)CCC1,-0.32
Cc1c[n]cc(C)c1,0.24
CC(C)CC=O,1.7
CCCCC(C)(C)C,1.53
CC1(O)CCCCC1,0.05
CCCC(C)(C)O,0.93
C/C=C/Cl,2.71
CCCCOC(=O)CC,0.65
CCCCC[C@@H](O)CC,-0.59
Cc1c[n]c(C)cc1,0.53
CC1CCC(C)CC1,1.25
CCCC[C@@H](O)CC,-0.13
CCCCC(C)CC,1.29
CC(C)COC(=O)CC(C)C,0.27
CCCC(O)CCC,0.0
CC(CCC)CCC,1.31
CCC(=O)CCC,1.14
CCC(C)CCC,1.79
CCc1ccc(N)cc1,-0.84
CC(C)=C1CC=C(C)CC1,-0.13
[O-][N+](=O)c1cccc(Br)c1,-1.15
OC(=O)c1cccc(Br)c1,-4.04
CC(C)C(C)CCC,1.37
Cc1ccc(cc1N=C=O)N=C=O,-2.1
CCC(O)CC,0.94
Oc1cc(Cl)ccc1Cl,-1.25
Cc1ccc[n]c1C,0.43
Cc1c[n]ccc1C,0.09
CC(CC)C(C)CC,1.34
Cc1cc2ccc(C)cc2cc1,-2.37
Nc1cc2ccccc2[n]c1,-4.54
CCc1cccc(CC)c1N,-2.42
CC(C)c1ccccc1C(C)C,-0.44
Cc1cccc(C)c1O,-0.77
Oc1cccc(Cl)c1Cl,-1.24
Cc1cc2ccccc2c(C)c1,-1.63
Cc1ccc2ccccc2c1C,-1.9
Cc1cccc2c1cccc2C,-2.3
Cc1cccc2cccc(C)c12,-2.32
CC(C)C(=O)C(C)C,1.13
CC(C)=C(C)C(C)C,1.35
CCC(=O)C(C)C,1.26
CCC(C)C(C)=O,1.06
CC(C)C(C)CC,1.84
CC(C)C(C)=O,1.72
CC(C)=C(C)C,2.1
CC(C)C(C)=C,2.4
CC=C(Cl)Cl,1.96
C=CC(Cl)Cl,1.85
CC(Cl)=CCl,1.96
CC(=C)CCl,2.01
CCC(C)=C,2.79
CC(C)C=C,2.96
CCOP(=S)(OCC)SCSP(=S)(OCC)OCC,-5.82
CC(C)(CC)CC,1.92
CN1CC[C@@]23[C@H]4Oc5c2c(C[C@@H]1[C@@H]3C=C[C@@H]4OC(C)=O)ccc5OC(C)=O,-9.12
CCC(C)(C)C(C)C,1.43
CS(=O)(=O)F,1.04
CC(=C)Cl,2.91
CC(Br)Br,1.41
CCCCCC[C@H](C)I,0.14
CCCOC,2.67
CCCOC(=O)CC(C)C,0.41
C[Si]1(C)O[Si](C)(C)O[Si](C)(C)O[Si](C)(C)O[Si](C)(C)O[Si](C)(C)O[Si](C)(C)O[Si](C)(C)O1,-2.54
C[Si]1(C)O[Si](C)(C)O[Si](C)(C)O[Si](C)(C)O1,0.02
CSC#N,1.08
COC(=O)CC(C)C,1.15
ClCCN(CCCl)CCCl,-1.96
CC(C)C1CCC(=C)C=C1,0.2
CCC(=O)OC,1.92
COC(=O)C(=O)OC,0.06
c1c[n]ccc1-c1cc[n]cc1,-4.25
CN(c1ccccc1)c1ccccc1,-2.51
Fc1ccc(F)c(F)c1F,1.69
COC(=O)C(C)C,1.69
CC(C)[C@@]12C[C@@H]1[C@@H](C)C(=O)C2,-0.39
N#CC(Cl)(Cl)Cl,1.87
CCCCCCCCCCCCCCCC,-2.84
CCCCCCCCCCCCCC(O)=O,-5.85
CCCCSCCCC,0.08
N#CCCCC#N,-2.08
CCCCCCCl,0.97
CC(C)CCSCCC(C)C,-0.5
CCCCCCl,1.52
CCCCCC(C)O,0.09
CC(C)CO[N+]([O-])=O,0.92
O=C(Cl)CCC(=O)Cl,-0.43
ClCOCCl,1.47
CCCCI,1.14
CC(C)COC=O,1.6
ClC1CCCCC1,0.83
Clc1cc(Cl)ccc1,0.33
Cc1[n]c(C)c[s]1,0.71
CCOC(=O)Cl,1.35
CCCC(Cl)Cl,1.36
CC(C)CCS,1.31
ClC=C[As](Cl)Cl,-0.24
C[Si]1(C)O[Si](C)(C)O[Si](C)(C)O[Si](C)(C)O[Si](C)(C)O1,-0.7
C[Si](C)(C)O[Si](C)(C)O[Si](C)(C)O[Si](C)(C)O[Si](C)(C)O[Si](C)(C)O[Si](C)(C)C,-2.5
C[Si]1(C)O[Si](C)(C)O[Si](C)(C)O[Si](C)(C)O[Si](C)(C)O[Si](C)(C)O1,-1.65
CNNC,1.84
CCOC,3.17
ClC=CCl,2.3
CCCCl,2.54
BrC=CBr,1.49
Fc1ccc(F)cc1,1.81
CC(=O)CCC(=O)OCC,-0.68
CCCCC(=O)OCC,0.68
COCc1ccccc1,0.22
CCN(CCCl)CCCl,-0.6
CCc1cc[n]cc1,0.36
C#Cc1ccccc1,0.31
Cc1cccc(c1)C(C)C,0.24
CCOC(=O)[C@H](C)Cl,0.56
Cc1cc(cc(c1O)[N+]([O-])=O)[N+]([O-])=O,-3.92
Cc1ccco1,2.19
O=C(CCl)CCl,-0.2
CCC(Br)CBr,0.49
CN1CSC(=S)N(C)C1,-5.55
O=C(CCl)c1ccccc1,-2.27
C=C(c1ccccc1)c1ccccc1,-1.88
Cc1ccccc1C(C)C,0.18
Cc1cc(C)c(O)c(C)c1,-1.76
Cc1cccc(O)c1C,-1.05
Cc1c(C)cccc1C,0.23
CC(=O)C1C(=O)C=C(C)OC1=O,-2.9
CCOC(=O)C(Cl)(Cl)Cl,0.58
CC(=O)C(Cl)Cl,1.43
CCC(C)S,1.91
CCC(C)I,1.23
CC(C)CS,1.84
CC=C(C)C,2.67
C=C(Br)CBr,0.88
COP(=O)(OC)OC,-0.07
CCOC(=O)C(O)(c1ccc(Cl)cc1)c1ccc(Cl)cc1,-5.66
[O-][N+](=O)C([N+]([O-])=O)([N+]([O-])=O)[N+]([O-])=O,0.93
CC1(C)[C@H]2C[C@@H](O)[C@@]1(C)CC2,-1.3
CC(C)(C)Br,2.13
CC(=O)I,1.51
CC(=O)Br,2.08
CCCCCCCCCCCCCCCCC(O)=O,-7.21
CCCCCCCCCCCF,-0.68
ClCCSCCCl,-0.96
C1CSCCS1,-0.1
OCCCO,-1.36
CC(C)=CC(=O)C=C(C)C,-0.56
CC(C)CC(O)=O,-0.36
C1CCO1,2.51
C1CCN1,2.25
CCCCC(=O)CCCC,-0.26
O=C1CCCCCCC1,-0.39
O=C1CCCCCO1,-0.87
c1ccccc1C#Cc1ccccc1,-2.64
C1C2CCC1C=C2,1.59
O[C@H]1[C@@H]2OC[C@@H](O2)[C@@H](O)[C@@H]1O,-7.12
Cc1cc(O)c(C)cc1C,-2.17
C1CCc2ccccc21,0.17
OC[C@H]1O[C@H](O)[C@H](O)[C@@H](O)[C@@H]1O,-13.1
Cc1cc[n]c2ccccc21,-2.2
CC(C)=CC(=O)Oc1c(cc(cc1[N+]([O-])=O)[N+]([O-])=O)C(C)CC,-6.5
NC(=O)C(O)=O,-6.33
NC(=O)C(N)=O,-7.2
CC1(C)OC2(C)CCC1CC2,0.28
CC12CCC(CC1)(O2)C(C)C,0.29
CC(C)C(C)(C)C,2.01
O=C=S,3.97
C=C=C,3.73
CCCCCCCCF,0.77
CCCCCON=O,0.6
CCOCOCC,1.53
Fc1ccccc1,1.89
COCC(F)F,2.48
FC(F)CC(F)(F)F,3.05
CCCF,3.3
C#CC#C,3.12
C[Si](C)(F)c1ccccc1,0.46
[O-][N+](=O)c1ccc(F)cc1O,-1.64
Fc1c(F)c(F)c(c(F)c1F)C(F)(F)F,1.46
FC(C(F)(F)F)C(F)(F)F,3.53
CC(=O)CF,1.8
FC(F)(F)C(F)(F)C(Cl)Cl,2.38
OCC(F)(F)C(F)(F)F,1.66
C1CS1,2.4
N#CO,2.91
FC(F)(F)COC(F)(F)C(F)F,2.33
Fc1ccccc1C(F)(F)F,1.58
Fc1c(F)c(F)c(F)c(F)c1F,1.93
OC(=O)C(F)(F)C(F)(F)C(F)(F)F,0.8
OCC(F)(F)C(F)(F)C(F)(F)F,1.52
FC(F)(F)C(F)(Cl)Cl,3.21
CCCCCCF,1.76
Fc1cc(F)cc(F)c1,2.02
Fc1cc(F)ccc1,1.92
OCCF,1.33
Fc1ccccc1F,1.73
Fc1c(F)c(F)cc(F)c1F,1.83
FC(F)=CCl,3.55
CC[Si](F)(CC)CC,1.57
FC1(F)C(F)(Cl)C(F)(Cl)C1(F)F,2.36
FC(F)(F)C(F)(F)C(F)(F)C(F)(F)C(F)(F)C(F)(F)F,2.34
FC(F)(F)C(F)(F)C(F)(F)C(F)(F)F,3.3
FC(F)(F)C1(F)C(F)(F)C(F)(F)C(F)(F)C(F)(F)C1(F)F,2.02
FC(F)C(F)(F)F,4.02
FC(Cl)C(F)(F)Cl,2.79
FC(F)(Cl)Br,3.31
Cc1cc(F)ccc1,1.34
FCc1ccccc1,0.83
Fc1c(F)c(F)c(Cl)c(F)c1F,1.25
Fc1c(F)c(F)c(Br)c(F)c1F,0.9
FC(F)(F)C(F)(F)C(F)(F)C(F)(F)C(F)(F)C(F)(F)C(F)(F)F,1.88
[O-][N+](=O)C(F)(F)F,3.85
CCCCCCCCCCCCF,-0.68
CCCCCCCCCC(O)=O,-3.44
Cc1cc([n]c([n]1)C(C)C)OP(=S)(OCC)OCC,-4.05
FC(F)(F)COCC(F)(F)F,2.19
CN(C)C(=O)Nc1cc(Cl)c(Cl)cc1,-7.16
CP(=O)(F)OC1CCCCC1,-1.36
[O-][N+](=O)c1ccc(cc1O)[N+]([O-])=O,-3.91
C[Si](F)(F)c1ccccc1,0.88
CCP(=S)(Oc1cc(Cl)c(Cl)cc1Cl)OCC,-4.82
Fc1cc(F)c(F)cc1F,1.75
CC1NC(=O)N(C(C)CC)C(=O)C=1Br,-6.51
FC(F)(F)C(F)(F)C(F)(F)C(F)(F)N(C(F)(F)C(F)(F)C(F)(F)C(F)(F)F)C(F)(F)C(F)(F)C(F)(F)C(F)(F)F,-0.26
CCOP(=O)(Oc1ccc(cc1)[N+]([O-])=O)OCC,-5.96
FC(F)(F)C(Cl)Cl,2.86
CCS(=O)CCSP(=O)(OC)OC,-4.55
COP(=O)(OC(Br)C(Cl)(Cl)Br)OC,-3.7
CC(N)Cc1ccccc1,-0.62
COP(=S)(Oc1cc(Cl)c(Cl)cc1Cl)OC,-4.12
CCSCSP(=S)(OCC)OCC,-3.2
C/C(=C\C(=O)OC)/OP(=O)(OC)OC,-3.91
COP(=S)(Oc1ccc(cc1)[N+]([O-])=O)OC,-5.46
CCOP(=S)(Oc1c[n]cc[n]1)OCC,-2.52
ClC1(Cl)C2(Cl)C3C(C(Cl)OC3Cl)C1(Cl)C(Cl)=C2Cl,-5.53
C1CCCCCCCCC1,-0.25
C1CCCCCC1,1.33
c1c[n]cc[n]1,1.03
c1[n]cc[s]1,1.23
c1cco[n]1,1.66
C1CCS1,1.72
C1C2CCCCC21,1.36
C1CN2CCN1CC2,-0.13
C1CC2CCC1CC2,0.52
c1cccc2Oc3ccccc3Oc21,-3.38
c1c2ccccc2[n]c2ccccc21,-3.87
C1c2c3ccccc3ccc2-c2ccccc21,-6.61
c1cccc2ccc3ccc[n]c3c21,-3.66
c1[n]c2ccccc2c2ccccc21,-4.68
c1cccc2c1c1ccccc1c1ccccc12,-7.68
c1c2c3ccccc3c3ccccc3c2cc2ccccc21,-10.0
c1ccc2C=Cc3cccc1c32,-2.18
c1ccc2c3c(cccc31)-c1ccccc1-2,-5.04
c1ccc2c3c(cccc31)c1cccc3cccc2c31,-8.28
c1cc2ccc3cccc4c3c2c2c3c4cccc3ccc21,-10.0
c1cc2ccc3ccc4ccc5ccc6ccc1c1c6c5c4c3c21,-11.66
C1C2CCC21,2.56
NCCCO,-1.11
CCOc1ccc(N)cc1,-1.98
CN(C)P(=O)(OP(=O)(N(C)C)N(C)C)N(C)C,-3.0
C1CN1,2.33
NCCC#N,-0.07
CN(C)C(=O)Nc1ccc(Cl)cc1,-6.3
COc1cccc(O)c1,-1.71
C[Si](Cl)(Cl)c1ccccc1,-0.31
Oc1cccc2ccc[n]c21,-2.78
OC(=O)C1C(C2CCC1O2)C(O)=O,-9.8
OC(=O)C(O)=O,-3.63
O=C1C2(Cl)C3(Cl)C4(Cl)C2(Cl)C2(Cl)C(Cl)(C3(Cl)C21Cl)C4(Cl)Cl,-6.65
CCCCOCCOCCOCCO,-2.6
CCCCCCCCCCS,-1.44
CCCCCCCCCO,-1.64
CCCCCCCCCCCC(O)=O,-4.8
CCCCCCOC(C)=O,0.12
CCCCCCCCCCCCCCCC(=O)OC(C)C,-4.25
CCCNCCC,1.3
C1CCCCO1,1.85
CCCCCC(O)=O,-1.36
C1CCC=C1,2.58
CC(=O)CC(=O)OCC,-0.11
CCc1cc(CC)ccc1,0.05
OC(=O)CC(O)=O,-2.82
CCOC(C)=O,1.97
C/C(=C\C(=O)N(C)C)/OP(=O)(OC)OC,-3.8
C[Si](C)(C)O[Si](C)(C)O[Si](C)(C)O[Si](C)(C)O[Si](C)(C)C,-0.99
CC(C)(C)CC(C)(C)S,0.72
CCC[Si](Cl)(Cl)Cl,1.46
NCCO,-0.39
CCOC(=O)CCCCC(=O)OCC,-1.24
CCOC(=O)/C=C\C(=O)OCC,-0.98
CCOC(=O)C=C,1.59
N#CCc1ccccc1,-1.05
CC(=O)OCc1ccccc1,-0.75
c1ccccc1Sc1ccccc1,-2.12
CC(C)Nc1[n]c(Cl)[n]c(NC(C)C)[n]1,-6.88
CN(C)C(=S)SSC(=S)N(C)C,-4.76
Cc1cc(N)c(C)cc1C,-2.05
CCCCOC(=O)c1ccccc1,-2.0
c1ccccc1N=NNc1ccccc1,-4.72
CCC(C)c1ccccc1,0.24
O=C(c1ccccc1)C(=O)c1ccccc1,-3.68
Cc1cc(ccc1)C(=O)N(CC)CC,-2.7
O=C1c2ccccc2C(=O)N1SC(Cl)(Cl)Cl,-6.8
O=C1C2CC=CCC2C(=O)N1SC(Cl)(Cl)Cl,-7.05
c1cccc2oc3ccccc3c21,-2.61
CCCOC(=O)c1ccccc1C(=O)OCCC,-3.88
COC(=O)c1ccccc1C(=O)OC,-2.51
Nc1ccc(N)c2c1C(=O)c1ccccc1C2=O,-9.7
Cc1cc(c(O)c(c1)C(C)(C)C)C(C)(C)C,-2.29
CC1=CCCC(C)(C)C1/C=C/C(C)=O,-1.76
CC(=O)N(C)C,0.3
ClC(Cl)=C(Cl)Cl,1.27
CC(O)CCl,0.69
C=CC(=C)Cl,2.33
CC(=C)C#N,1.85
O=P(OCC(Br)CBr)(OCC(Br)CBr)OCC(Br)CBr,-3.72
FC(F)(Br)C(F)(F)Br,2.51
CC(C)(N)CO,0.0
CCCCCCCCCCCCN,-2.09
CCCCCCCCC=O,-0.43
CCCCOCCOCCOC(C)=O,-1.4
CCCCCCCC=O,0.07
CCCCCCCC#N,-0.41
CCCCCCCCCCCCCC(=O)OC,-3.31
NCCCCCCN,-0.93
CCCCCCCC(O)=O,-2.43
OC(=O)CCCCC(O)=O,-6.5
C=CCNCC=C,1.31
OC(=O)CCCCCCCC(O)=O,-7.97
CC(C)CCOC(C)=O,0.75
C1COCCO1,1.58
NC(=O)N=NC(N)=O,-9.73
C1CCCN1,1.8
CCCC=O,2.05
CC1OC(C)OC(C)O1,1.04
CCC(=O)OC(=O)CC,0.13
CC(=O)CC(C)=O,0.47
CC(C)CCO,0.37
CC(=O)CC(C)(C)O,0.23
CC(C)=CCCC(=C)C=C,0.3
CCCC(=O)CCC,0.79
COc1ccc(C=O)cc1,-1.48
CCCCC(CC)C=O,0.26
CCCCC(CCl)CC,0.08
CCCCCCCCCCCCCc1ccccc1,-4.9
OCCOc1ccccc1,-2.15
OCCNc1ccccc1,-2.66
OCCCc1ccccc1,-1.7
O=CCc1ccccc1,-0.41
C(Oc1ccccc1)C1CO1,-2.0
CCOC(OCC)OCC,0.59
CC(C)OC(=O)Nc1ccccc1,-3.85
c1ccccc1Nc1ccccc1,-3.17
Cc1cc(ccc1[N+]([O-])=O)OP(=S)(OC)OC,-4.27
[O-][N+](=O)N1CN(CN(C1)[N+]([O-])=O)[N+]([O-])=O,-8.39
CCOC(=O)C(CC(=O)OCC)SP(=S)(OC)OC,-5.47
CN(C)c1ccccc1,-0.15
CCN(CC)CC,1.76
COC(=O)/C(/C)=C/[C@@H]1[C@@H](C(=O)O[C@H]2CC(=O)C(C/C=C\C=C)=C2C)C1(C)C,-6.4
CC(C)=C[C@@H]1[C@@H](C(=O)O[C@H]2CC(=O)C(C/C=C\C=C)=C2C)C1(C)C,-4.69
CN1CCCC1,2.0
O=C1CCCC1,1.06
Oc1ccc(Cl)cc1Cl,-1.05
Oc1ccccc1O,-2.44
Cc1[n]c2ccccc2[s]1,-1.52
COC(=O)c1ccc(cc1)C(=O)OC,-2.0
O=Cc1cc2OCOc2cc1,-2.0
O=C(OCc1ccccc1)c1ccccc1,-3.65
c1c2ccccc2cc2ccccc21,-5.19
[O-][N+](=O)c1ccccc1Nc1ccccc1,-5.0
C1CCCc2ccccc21,-0.43
O=C(c1ccccc1)c1ccccc1,-2.71
COC(=O)c1ccccc1O,-1.46
CCOP(=S)(OC1C=CC(=O)N(N=1)c1ccccc1)OCC,-7.96
OC(=O)c1ccccc1Cl,-3.18
Cc1ccccc1C(O)=O,-3.18
CCCCCCCCOC(=O)c1ccccc1C(=O)OCCCCCCCC,-7.0
CCCCC(COC(=O)c1ccccc1C(=O)OCC(CCCC)CC)CC,-6.85
O=C1c2ccccc2C(=O)C(Cl)=C1Cl,-5.96
[O-][N+](=O)c1c(Cl)c(Cl)cc(Cl)c1Cl,-2.74
Nc1ccc(O)c2c1C(=O)c1ccccc1C2=O,-8.52
COC(=O)C(Cl)Cl,0.65
FC(F)=C(F)C(F)(F)F,3.69
FC(F)=C(F)F,4.39
CNC(=O)ON=CC(C)(C)SC,-4.46
CC(C)=CCCC(C)(C=C)OC(C)=O,-0.95
O=P(Oc1ccccc1)(Oc1ccccc1)Oc1ccccc1,-5.2
CCCCC(CO)(CO)CC,-4.0
OC(c1ccc(Cl)cc1)(c1ccc(Cl)cc1)C(Cl)(Cl)Cl,-6.4
CN(C)P(=O)(F)N(C)C,-0.96
FC1(F)C(F)(F)C(F)(F)C1(F)F,3.37
CC(=O)C(C)(C)O,0.79
CC(C)(O)C#C,1.2
O=CC(Br)(Br)Br,0.18
CC(C)=C,3.36
CNC(=O)Oc1ccccc1OC(C)C,-5.01
CCC(CN1C(=O)C2C(C3CC2C=C3)C1=O)CCCC,-4.74
CCCCCCCCCCCCCCCCCCO,-5.57
CCCCCCCCCCCCCCCCCCBr,-5.23
CCCCCCCCCCCCCCCCBr,-4.31
CCCCCCCC/C=C\CCCCCCCC(O)=O,-5.85
CCCCOCCOCCOCCCC,-1.58
CCCCCCCCCCCCCCBr,-3.35
CCCCCCCCCCCCCO,-3.36
CCCCC/C=C\C/C=C\CCCCCCCC(=O)OC,-5.44
CCCCCCCCCCCCCCCCCC(=O)OC,-4.87
OCCOCCOCCOCCO,-4.33
CCCCCCOCCOCCO,-2.93
NCCNCCNCCNCCN,-6.1
CCCCCCCCCCCCS,-2.07
CCCCCCCCCCCC=O,-1.82
CCCCCCCCCCCCCl,-2.2
CCCCCSSCCCCC,-2.2
CCOCCOCCOCCO,-2.0
CCCCOCCOCCCC,-1.05
CCCCCCCCCCCO,-2.53
CCCCCCCCCCC=C,-0.8
CCCCCCCCCCCCCCCC(=O)OC,-4.33
C=CCCCCCCCCC(O)=O,-3.03
CCCCOCCOCCO,-1.66
CCCCCCCCCC=O,-0.99
CCCCCCCCCCO,-2.07
OCCOCCOCCO,-2.88
ClCCOCCOCCCl,-1.22
CCCCCCOCCO,-0.81
CCCCCCCCCN,-0.56
CCOCCOCCOC(C)=O,-1.0
CCCCCCCCCC(C)=O,-1.38
CCCCOCCOC(C)=O,-0.43
CCCCCCCCC(O)=O,-2.78
COCCOCCOC,0.47
ClCCOCOCCCl,-0.88
CCOCCOCCO,-0.9
CCCCCCCCS,-0.37
CCCCCCCCN,-0.01
CCCCCCCCCl,-0.02
CCCCCCCCC,0.65
CCCCCCCCCCCC(=O)OC,-2.39
C1CC=CCCC=C1,0.69
COCCOCCO,-0.6
CCCCCCC=O,0.55
CCCCCCCO,-0.67
N#CCCCCC#N,-3.17
CC=CCCCCC,1.21
CCCCCCC=C,1.24
CCCCCCCC,1.15
CC(=O)OCCOC(C)=O,-1.11
C1CCCCCN1,0.91
OCCSCCO,-2.49
OCCOCCO,-2.24
ClCCOCCCl,0.19
CCCOCCC,1.8
NCCNCCO,-2.09
NCCNCCN,-0.64
CCCCN=C=O,1.25
CCCCCCS,0.62
O=CCCCC=O,-0.22
OCCCCCO,-2.41
CCCCCCN,0.95
CCCCCCBr,0.59
OC(=O)CCCCCCCCC(O)=O,-7.26
CCOCCOC(C)=O,0.37
CCCCCCC(O)=O,-1.97
CCCCCCC(C)=O,0.13
CC(O)CNCC(C)O,-3.9
CC(C)CNCC(C)C,0.86
OC(=O)CCCC(O)=O,-5.54
C1CCCCN1,1.51
C1OCOCO1,1.24
c1cccc[n]1,1.32
C1CCCC=C1,1.95
C1CCCCC1,1.99
CCSSCC,0.63
C=COCCCl,1.43
CCCOC=O,1.92
COCCOC,1.68
OCC#CCO,-3.25
OCCCCO,-1.98
CCCCC=O,1.42
CCCCC#N,0.86
CCCCCN,1.48
CCCCCC,2.18
CCCCCBr,1.1
BrCCCCBr,-0.21
CC(C)CCOC=O,1.18
CCCCCC(C)=O,0.59
CCCCCCCCCC(=O)OC,-1.43
CCCCCCOC(=O)CCCCC(=O)OCCCCCC,-5.54
CCCCCCCCCCCCCC(=O)OC(C)C,-4.03
CC(C)COC(C)=O,1.25
CC(C)CCC(C)=O,0.76
CC(C)(C)OOC(C)(C)C,1.4
c1ccc[s]1,1.9
c1ccco1,2.78
C1CCCO1,2.21
c1ccc[nH]1,0.92
C=COC=C,2.83
CCOC=C,2.71
CCNCC,2.38
COCCO,0.98
CNCCO,0.03
N#CCC#N,-0.7
C=CCC#N,1.27
CCCC#N,1.29
ClCCCBr,0.81
CCCCCl,2.01
CCCC=C,2.8
CCCCBr,1.62
BrCCCBr,0.13
CCCOC(=O)Cl,1.3
CN(C)CCCN,1.0
CC(C)COC=C,1.77
CCCCC(O)=O,-0.71
CCCCOC(=O)CCCCCCCCC(=O)OCCCC,-5.33
CCCC(=O)OCCCC,0.26
Clc1cccc[n]1,0.34
Cc1cccc[n]1,1.05
C[C@@H]1CCCCN1,1.29
Brc1cccc[n]1,-0.11
Sc1ccccc1,0.29
Oc1ccccc1,-0.46
O=C1CCCCC1,0.64
NC1CCCCC1,1.0
Clc1ccccc1,1.08
Cc1cc[n]cc1,0.76
CC1CCCCC1,1.66
Brc1ccccc1,0.62
CC(C)CC(C)OC(C)=O,0.6
CC(C)CC(O)CC(C)C,-0.52
Nc1[n]c(N)[n]c(N)[n]1,-9.44
Cc1cc(C)[n]c(C)c1,0.3
Cc1cc(O)cc(C)c1,-1.39
COCC(C)OC(C)=O,0.59
CC(CCl)OC(C)CCl,-0.25
COC(=O)CC(=O)OC,-0.05
C=Cc1cc(ccc1)C=C,-0.24
Cc1cccc(C)[n]1,0.75
Cc1cc(C)[n]cc1,0.5
Oc1cc(O)ccc1,-3.31
Cc1cc(N)ccc1,-0.52
Oc1cc(Cl)ccc1,-0.9
Nc1cc(Cl)ccc1,-1.18
Cc1cc(S)ccc1,-0.26
Cc1cc(O)ccc1,-0.96
Cc1cc(C)ccc1,0.92
CC1COC(=O)O1,-1.35
O=C1C=CC(=O)O1,-0.6
CC(C)OC(=O)Cl,1.57
CC(C)OC(C)=O,1.78
CC(C)OC(C)C,2.17
CC(C)CC(C)O,0.72
CC(C)CC(C)C,1.9
CCC[N+]([O-])=O,1.0
CN(C)CCO,0.5
COCC(C)O,1.1
CCCC(O)=O,0.22
CC(O)CCO,-1.7
CCCC(C)C,2.32
CC(C)CCBr,1.54
CCCC(C)Br,1.33
C[Si](C)(C)O[Si](C)(C)O[Si](C)(C)O[Si](C)(C)O[Si](C)(C)O[Si](C)(C)C,-1.53
C[Si](C)(O[Si](C)(C)C)O[Si](C)(C)C,0.52
C[Si]1(C)O[Si](C)(C)O[Si](C)(C)O[Si](C)(C)O[Si](C)(C)O[Si](C)(C)O[Si](C)(C)O1,-1.95
C[Si](C)(C)O[Si](C)(C)C,1.62
CC(C)OP(C)(=O)F,0.46
CC(O)CC(C)(C)O,-1.89
CC(=C)CC(C)(C)C,1.65
C=CC[Si](Cl)(Cl)Cl,1.25
COC=O,2.77
COC=C,3.12
OCCO,-1.04
C#CCO,1.19
C=CCO,1.42
NCCN,1.08
C=CC#N,2.04
CCC#N,1.68
C=CCN,2.38
CCCI,1.63
OCCCl,0.86
ClCCCl,1.9
ClCCBr,1.52
CCCS,2.19
C=CC=O,2.44
C=CC=C,3.32
CCC=C,3.35
CCCC,3.26
BrCCBr,1.05
ClCC1CO1,1.22
CCC1CO1,2.26
CCCCCC(=O)OC,0.57
CCCCCC(=O)CC,0.3
CC(C)CC(CO)CC,-0.63
CC(C)COC(=O)C=C,0.91
CC1CNC(C)CN1,0.42
O=C1C=CC(=O)C=C1,-1.05
Oc1ccc(Cl)cc1,-1.05
Nc1ccc(Cl)cc1,-1.57
Clc1ccc(Cl)cc1,0.24
Cc1ccc(O)cc1,-0.96
Cc1ccc(Cl)cc1,0.43
Cc1ccc(C)cc1,0.95
Clc1ccc(Br)cc1,-0.59
Cc1ccc(Br)cc1,0.06
Brc1ccc(Br)cc1,-1.24
CCCCC(=O)CC,0.42
CCCC(=O)OC(=O)CCC,-0.55
CCCCCCC(=O)OCC,-0.17
CC(CCO)CCC=C(C)C,-1.36
CCCCOC(=O)/C=C\C(=O)OCCCC,-3.21
Cc1cc(C)c(O)cc1,-0.99
CCCOC(=O)CCC,0.77
CN(CCO)CCO,-3.7
CCOC(=O)OCC,1.03
CC(OCC)OCC,1.44
CCOC(=O)CCC,1.11
CCOC(=O)CC(=O)OCC,-0.57
CC(C)OC(=O)CCl,0.61
CC(=O)CC(=O)OC,-0.05
CCOC(=O)NC,-0.04
CCOC(=O)CCl,0.69
COC(=O)CC#N,-0.86
CCCC(C)CO,0.28
OCC1CCC(CC1)CO,-3.51
COc1ccc(N)cc1,-1.52
COc1ccc(Br)cc1,-0.69
Cc1ccc(CC)c[n]1,0.16
Cc1ccc(C=O)cc1,-0.6
Cc1ccc(cc1)C#N,-0.5
Cc1ccc(CCl)cc1,-0.53
CCCCC(CN)CC,0.15
CCCCCCCCCCc1ccccc1,-2.89
O=CC=Cc1ccccc1,-1.54
CCCCCCCCCc1ccc(O)cc1,-3.09
CC(=O)Nc1ccccc1,-3.7
O=C(Cl)Cc1ccccc1,-0.7
O=CNc1ccccc1,-2.45
CCNc1ccccc1,-0.69
BrCCc1ccccc1,-0.61
C(OCc1ccccc1)c1ccccc1,-2.99
C(NCc1ccccc1)c1ccccc1,-3.1
CCOC(=O)C=Cc1ccccc1,-2.49
c1ccccc1N=Nc1ccccc1,-3.44
C(Cc1ccccc1)c1ccccc1,-2.14
COC(=O)C=Cc1ccccc1,-1.46
CCCCC(COC(=O)CCCCC(=O)OCC(CCCC)CC)CC,-6.07
CCCCC(COC(C)=O)CC,-0.64
CC(O)CNC1CCCCC1,-1.8
CCCCN(CCCC)CCCC,-1.03
CC(=O)OC(COC(C)=O)COC(C)=O,-2.61
OCCN(CCO)CCO,-5.44
C=CCN(CC=C)CC=C,0.56
O=C(Oc1ccccc1)Oc1ccccc1,-3.82
c1ccccc1Oc1ccccc1,-1.65
C(c1ccccc1)c1ccccc1,-2.09
Brc1ccc(cc1)Oc1ccccc1,-2.82
Nc1ccc(cc1)Nc1ccccc1,-4.92
CN(C)C(=O)Nc1ccccc1,-4.43
O=C(Nc1cc(Cl)ccc1)OCC#CCCl,-6.42
CC(C)OC(=O)Nc1cccc(Cl)c1,-3.74
Clc1ccccc1Nc1[n]c(Cl)[n]c(Cl)[n]1,-8.21
Cc1cc(C=C)ccc1,0.23
C1CN2CCC1CC2,0.28
CCc1cccc[n]1,0.69
C=Cc1cccc[n]1,0.44
CSc1ccccc1,-0.31
ON=C1CCCCC1,-1.55
NNc1ccccc1,-1.59
CNc1ccccc1,-0.34
SCc1ccccc1,-0.38
O=Cc1ccccc1,0.1
OCc1ccccc1,-1.03
NCc1ccccc1,-0.19
ClCc1ccccc1,0.09
C=Cc1cc[n]cc1,0.23
CCc1ccccc1,0.98
C=CC1CC=CCC1,1.2
BrCc1ccccc1,-0.35
OC(=O)c1ccc(cc1)C(O)=O,-5.04
CC(C)c1ccc(cc1)C(C)C,-0.61
CC(=O)c1ccc(cc1)OC,-2.19
Cc1ccc(cc1)[N+]([O-])=O,-1.8
Cc1ccc(cc1)N(C)C,-0.75
CC(C)c1ccc(O)cc1,-1.34
CC(C)c1ccc(N)cc1,-1.08
CC(C)C1CC=C(C)C=C1,0.15
CC(C)C1CCC(C)CC1,0.43
CCC(C)c1ccc(O)cc1,-1.43
CC(C)c1cc(ccc1)C(C)C,-0.41
[O-][N+](=O)c1cccc(c1)C=O,-2.14
[O-][N+](=O)c1cc(Cl)c(Cl)cc1,-1.99
[O-][N+](=O)c1cc(cc(c1)[N+]([O-])=O)[N+]([O-])=O,-5.19
Nc1c(Cl)cc(cc1Cl)[N+]([O-])=O,-5.92
Cc1cc(ccc1)[N+]([O-])=O,-0.69
Cc1cc(ccc1)C(O)=O,-3.63
[O-][N+](=O)c1ccccc1,-0.61
ClC(Cl)c1ccccc1,-0.33
CC(=O)c1ccccc1,-0.4
CC(=C)c1ccccc1,0.28
FC(F)(F)c1ccc(Cl)cc1,0.88
CC1CCC(CC=1)C(C)(C)O,-1.37
CC(C)(C)c1ccc(O)cc1,-1.42
[O-][N+](=O)c1cc(ccc1)C(F)(F)F,-0.59
Cc1cc(ccc1O)C(C)(C)C,-1.55
Cl[Si](Cl)(Cl)c1ccccc1,-0.37
FC(F)(F)c1ccccc1,1.59
ClC(Cl)(Cl)c1ccccc1,-0.38
OCc1ccco1,-0.22
OCC1CCCO1,-0.1
CCC(CO)CC,0.18
CC(=C)C(=O)OCC(C)C,0.56
CC(C)C(=O)OCC(C)C,0.64
CCOC(=O)C(C)O,0.57
CCOC(=O)C(C)C,1.4
CC=Cc1cc(OC)c(O)cc1,-1.92
COc1cc(CC=C)ccc1O,-1.65
[O-][N+](=O)c1cc(ccc1Cl)[N+]([O-])=O,-4.07
CC(C)N(CCO)C(C)C,-1.1
CC(C)(C)c1cc(ccc1O)C(C)(C)C,-2.32
CC(OP(C)(=O)F)C(C)(C)C,-0.4
C[n]1cccc1,1.33
CC1CCCO1,1.99
Clc1ccc[s]1,1.38
OC1CCCC1,0.4
COC(=O)CCl,0.88
COC(=O)C=C,1.94
OCC(O)CCl,-0.7
CCC(=O)CC,1.58
ClCC(Cl)=CCl,0.64
ClC(CCl)CCl,0.57
OCC(Br)CBr,-1.04
ClCC(Br)CBr,-0.24
C1OC1c1ccccc1,-0.52
Oc1cc(Cl)c(Cl)cc1Cl,-2.12
Clc1cc(Cl)c(Cl)cc1Cl,-2.27
Cc1cc(C)c(C)cc1C,-0.28
Cc1cc(O)c(C)cc1,-0.81
Cc1ccc(N)cc1N,-3.77
Cc1cc(N)c(C)cc1,-0.82
Cc1cc(Cl)c(Cl)cc1,-0.5
Cc1ccc(Cl)cc1Cl,-0.34
Cc1cc(C)c(N)cc1,-0.88
Cc1cc(N)ccc1C,-1.55
Cc1cc(C)c(C)cc1,0.32
Cc1ccccc1N,-0.59
Cc1ccccc1F,1.39
Nc1ccccc1Cl,-0.69
Cc1ccccc1Cl,0.54
Cc1ccccc1O,-0.52
Cc1ccccc1C,0.82
CC(C)(C)NSc1[n]c2ccccc2[s]1,-6.34
c1cccc2[s]ccc21,-0.62
C1C=Cc2ccccc21,0.04
ClCc1ccc(Cl)cc1Cl,-1.49
CCC(CO)C(O)CCC,-2.52
Cc1cc(Cl)ccc1OCCCC(O)=O,-6.36
Cc1cc(Cl)ccc1OCC(O)=O,-5.23
CCOC(=O)CC(=O)c1ccccc1,-3.39
O=C(Oc1ccccc1)c1ccccc1,-2.77
O=C(OC(=O)c1ccccc1)c1ccccc1,-3.93
CCCCOC(=O)COc1cc(Cl)c(Cl)cc1Cl,-4.82
C=CCN(CC=C)C(=O)CCl,-2.03
CCC(=O)c1ccccc1,-0.77
CC(C=O)c1ccccc1,-0.57
BrCC(Br)c1ccccc1,-1.97
COc1ccc(CC=C)cc1OC,-1.92
OC(=O)c1cc2ccccc2cc1,-5.18
CC(=O)c1cc2ccccc2cc1,-3.21
Brc1ccc(cc1)-c1ccccc1,-2.63
C1CN(CCN1)c1ccccc1,-2.26
C1CCCCC1C1CCCCC1,-0.97
c1c2cc3ccccc3cc2cc2ccccc21,-8.6
c1c(cccc1-c1ccccc1)-c1ccccc1,-4.76
O=C1C=Cc2ccccc2O1,-3.01
Cc1ccc2ccccc2[n]1,-2.02
Cc1cc2ccc[n]c2cc1,-2.19
Clc1cc2ccccc2cc1,-1.91
Cc1cc2ccccc2cc1,-1.26
c1cccc2[n]cccc21,-1.22
c1cccc2ccccc21,-1.07
Cc1c(cccc1N=C=O)N=C=O,-1.68
OC(c1ccccc1)c1ccccc1,-4.56
Oc1ccccc1-c1ccccc1,-2.7
Clc1cccc2ccccc21,-1.54
Cc1cccc2ccccc21,-1.17
Brc1cccc2ccccc21,-2.01
CCc1ccccc1O,-0.82
Cc1cc(C)c(cc1)[N+]([O-])=O,-1.24
Cc1ccc(C(C)C)c(O)c1,-2.66
CC(C)=C1CC[C@@H](C)CC1=O,-0.91
OC(=O)c1ccccc1C(O)=O,-6.2
O=C(Cl)c1ccccc1C(=O)Cl,-1.79
[O-][N+](=O)c1cc(c(O)c(c1)[N+]([O-])=O)[N+]([O-])=O,-6.12
[O-][N+](=O)c1ccccc1Cl,-1.74
Cc1ccccc1[N+]([O-])=O,-0.73
CC(C)(C)c1ccccc1O,-1.05
FC(F)(F)c1ccccc1Cl,0.71
CCC(CC)C(O)=O,-0.73
Oc1c(Cl)c(Cl)c(Cl)c(Cl)c1Cl,-3.96
Cc1c(C)c(C)c(C)c(C)c1C,-3.07
ClC(Cl)=C(Cl)C(Cl)=C(Cl)Cl,-0.66
Oc1c(Cl)cccc1Cl,-1.48
Cc1cccc(C)c1N,-0.89
Clc1c(Cl)cccc1Cl,-0.68
c1cccc2[nH]c3ccccc3c21,-6.12
C1c2ccccc2-c2ccccc21,-3.22
COP(=S)(OC)SCN1N=Nc2ccccc2C1=O,-5.8
CC[n]1c2ccccc2c2ccccc12,-3.66
CCCCOC(=O)c1ccccc1C(=O)OCc1ccccc1,-5.08
c1cccc2c3ccc[n]c3ccc21,-4.25
c1cc2ccccc2c2ccccc21,-3.92
CCCCCCOC(=O)c1ccccc1C(=O)OCCCCCC,-4.85
CCOC(=O)c1ccccc1C(=O)OCC,-2.68
O=C1c2ccccc2C(=O)c2ccccc12,-6.94
CCCCOC(=O)c1ccccc1C(=O)OC1CCCCC1,-5.32
Cc1c[nH]c2ccccc21,-2.26
[O-][N+](=O)c1c(Cl)c(Cl)c(Cl)c(Cl)c1Cl,-4.3
O=C(C1C(=O)c2ccccc2C1=O)C(c1ccccc1)c1ccccc1,-9.99
Nc1cccc2c1C(=O)c1ccccc1C2=O,-8.3
[O-][N+](=O)c1cccc2c1C(=O)c1ccccc1C2=O,-8.4
CC(=O)CC(C1=C(O)c2ccccc2OC1=O)c1ccccc1,-6.94
C/C(=C\C)/C(O)=O,-0.87
CC1=CCC2CC1C2(C)C,0.68
CC(C)(CC)c1ccc(O)cc1,-2.7
CC1(C)C2CC(CC2)C1=C,0.4
O=C(C(F)(F)Cl)C(F)(F)F,3.15
CC(C)[N+]([O-])=O,1.24
OC(=O)C(Cl)Cl,-0.75
CC(=C)C(O)=O,0.0
NC(=S)C(N)=S,-5.78
FC(F)=C(F)Cl,3.66
O=C(Cl)C(Cl)Cl,1.36
ClC(Cl)C(Cl)Cl,0.66
CC(C)C(C)C,2.37
BrC(Br)C(Br)Br,-1.7
CC[N+]([O-])=O,1.32
COC(C)=O,2.33
CNC(C)=O,-0.36
OCC(O)=O,-1.7
C=CC(O)=O,0.6
CCC(O)=O,0.55
OC(=O)CBr,-0.93
CCC(N)=O,-1.42
O=C(Cl)CCl,1.4
O=CC(Cl)Cl,1.74
ClCC(Cl)Cl,1.36
CCC(Cl)Cl,1.83
CC(O)C#N,-0.92
CC(=O)CCl,1.08
CCC(C)O,1.26
CC(Cl)CO,0.72
C=C(Cl)CCl,1.79
CC(Cl)CCl,1.73
CC(=C)C=O,2.19
CC(C)C=O,2.24
CC(C)CN,2.14
CC(=C)C=C,2.74
CCC(C)C,2.84
CC(Br)CBr,0.89
CC(C)=CCCC(C)(O)C=C,-0.8
CC(C)(C#N)/N=N/C(C)(C)C#N,-2.17
CC1CC(C)(C)CC(=O)C=1,-0.36
COP(=S)(OC)SCc1[n]c(N)[n]c(N)[n]1,-6.01
CCCCSP(=O)(SCCCC)SCCCC,-5.28
CCOP(=O)(OCC)OCC,-0.41
CCP(=O)(OCC)OCC,-1.14
CCO[Si](OCC)(OCC)OCC,0.27
CCO[Si](C=C)(OCC)OCC,0.36
CCOP(=O)(C#N)N(C)C,-1.15
COS(=O)(=O)OC,-0.17
CC(C)(OC)OC,2.01
CC(O)(CC)CC,0.75
C1C=CC2C3CC(C=C3)C21,0.36
ClC1(Cl)C(Cl)=C(Cl)C(Cl)=C1Cl,-1.22
OCC(F)(F)C(F)F,1.17
FC(F)(F)C(F)(F)F,4.4
FC(F)(F)C(F)(F)Cl,3.84
FC(F)(Cl)C(F)(F)Cl,3.3
FC(Cl)(Cl)C(F)(Cl)Cl,1.7
FC(F)(Cl)C(Cl)(Cl)Cl,1.78
[O-][N+](=O)C(Cl)(Cl)Cl,1.38
OC(=O)C(Cl)(Cl)Cl,-1.22
O=C(Cl)C(Cl)(Cl)Cl,1.33
ClC(Cl)C(Cl)(Cl)Cl,0.54
CC(C)(C)C(O)=O,-0.3
CC(=O)C(C)(C)C,1.5
C=C[Si](Cl)(Cl)Cl,1.82
OCC(F)(F)F,1.85
O=CC(Cl)(Cl)Cl,1.7
CC(C)(O)C#N,-0.47
CC(C)(C)CO,1.2
CCC(C)(C)C,2.5
ClC(Cl)(Br)CBr,-0.05
C[Si](C)(Cl)Cl,2.16
C[Si](C)(C)Cl,2.37
C[Si](C)(C)C,2.86
FC(F)(F)F,5.24
FC(F)(F)Cl,4.33
CC(F)(F)Cl,3.41
CC(C)(C)O,1.61
FC(F)(F)Br,4.09
ClC(Cl)(Cl)Br,1.59
FC(F)(Br)Br,2.91
CC1CN1,2.15
C[SiH](Cl)Cl,2.63
C[N+]([O-])=O,1.55
FC(F)F,4.55
O=C(Cl)Cl,3.15
C=C(F)F,4.48
CC(F)F,3.66
CC(=O)Cl,2.46
CC(Cl)Cl,2.36
CC(C)S,2.44
CC(C)Cl,2.71
CC(C)C,3.42
CC(C)Br,2.34
C1CO1,3.12
ICI,0.08
FCF,4.1
CCS,2.72
CC=O,2.96
CCI,2.13
C=CF,4.3
C=CCl,3.47
CC#C,3.63
CCC,3.85
ClCBr,2.15
BrCBr,1.65
C#N,2.87
CI,2.61
CBr,3.21
C,5.67
Nc1[n]c[n]c2[nH]c[n]c21,-10.35
ClC(Cl)=C(c1ccc(Cl)cc1)c1ccc(Cl)cc1,-5.22
ClC(Cl)C(c1ccc(Cl)cc1)c1ccc(Cl)cc1,-5.87
CC(Cl)(Cl)Cl,2.09
CCCO,1.32
Oc1ccccc1C(O)=O,-4.09
ClC(Cl)(Cl)C(Cl)(Cl)Cl,-0.68
CS(C)=O,-0.21
ClC(Cl)Cl,2.29
CC(C)O,1.66
CON,2.46
CCCCCC=O,1.05
O=C1C=CNC(=O)N1,-4.33
OC(=O)c1ccccc1,-3.15
CC(O)=O,1.2
OC=O,1.63
CCO,1.77
CNC(=O)Oc1cccc2ccccc21,-5.87
CN(C)N=O,0.43
COP(=O)(OC=C(Cl)Cl)OC,-1.8
Nc1ccccc1,-0.31
CCOS(C)(=O)=O,-0.69
CNC(=O)CSP(=S)(OC)OC,-4.73
CC(N)=O,-1.4
CCCCC/C=C\C/C=C\CCCCCCCC(O)=O,-6.06
CCOCC,2.73
OCCS,0.24
Nc1ccc(cc1)/N=N/c1ccccc1,-5.85
OC(=O)CN(CC(O)=O)CCN(CC(O)=O)CC(O)=O,-11.82
Cc1cc(O)ccc1Cl,-1.3
Oc1c(Cl)cc(Cl)c(Cl)c1Cl,-3.18
CC(O)CO,-0.89
CN(C)N,2.21
CCCCCCCCCCCCCCCCCC(O)=O,-6.14
CCCCCCCCCCCCCCCC(O)=O,-6.42
C=CCN=C=S,0.57
N[C@@H](CCC(O)=O)C(O)=O,-7.77
OC(CO)CO,-3.77
CC1c2ccc(cc2OC(=O)C=1Cl)OP(=S)(OCC)OCC,-7.01
CCOP(=S)(Oc1ccc(cc1)[N+]([O-])=O)OCC,-5.18
ClC(Cl)(Cl)Cl,2.06
[O-][N+](=O)OC(CO[N+]([O-])=O)CO[N+]([O-])=O,-3.4
Cc1cc(ccc1SC)OP(=S)(OC)OC,-4.98
CCN(CC)N=O,-0.07
c1c2c3ccccc3ccc2cc2c3ccccc3ccc21,-9.02
ClC(Cl)C(c1ccccc1Cl)c1ccc(Cl)cc1,-5.71
COP(=O)(OC)C(O)C(Cl)(Cl)Cl,-5.11
CCOC(N)=O,-0.58
CN(CCCl)CCCl,-0.77
[O-][N+](=O)c1cc(ccc1O)[N+]([O-])=O,-3.41
OC(=O)c1cc(Cl)cc(Cl)c1Cl,-3.51
OC(=O)c1cccc(Cl)c1Cl,-3.64
c1c2ccccc2c2ccc3cccc4ccc1c2c34,-8.26
OC(=O)c1c(Cl)c(Cl)ccc1Cl,-3.26
ClC(Cl)(Cl)C(c1ccc(Cl)cc1)c1ccc(Cl)cc1,-6.8
CC(O)C(O)=O,-1.09
C[C@@]12CC[C@@](C[C@@H]1OCc1ccccc1C)(O2)C(C)C,-4.12
CC1(C)[C@@H]([C@@H]1/C=C(\Cl)/C(F)(F)F)C(=O)OCc1cccc(-c2ccccc2)c1C,-6.74
C[C@@H]1[C@H](SC(=O)N1C(=O)NC1CCCCC1)c1ccc(Cl)cc1,-7.59
CCOC(=O)C1(C)OC(=O)N(c2cc(Cl)cc(Cl)c2)C1=O,-7.02
CC(Cc1ccc(cc1)C(C)(C)C)CN1C[C@@H](C)O[C@@H](C)C1,-4.59
COCC(=O)N(C(C)C(=O)OC)c1c(C)cccc1C,-4.93
CC1(C)C(O)C2(C)CC1CC2,-1.2
CC1CCCCC=1,1.49
CC1CC(C)CCC1,1.3
CC1CCCCC1C,1.2
CC(O)C(C)O,-0.68
CC1CCC(CC=1)C(C)=C,0.22
COB(OC)OC,2.13
OC(C(=O)c1ccccc1)c1ccccc1,-5.28
ClC/C=C/CCl,0.57
CC=CC(O)=O,-0.54
CC(C)=CCC/C(/C)=C/CO,-1.52
CC=Cc1ccc(cc1)OC,-1.15
Cc1ccc(cc1)C(C)C,0.19
C1CCCC2CCCCC21,0.11
CC1(C)C2CC(=O)C1(C)CC2,-0.66
ClC1(Cl)[C@@]2(Cl)[C@@H]3[C@@H]4C[C@@H]([C@H]5O[C@H]54)[C@@H]3[C@]1(Cl)C(Cl)=C2Cl,-5.38
ClC1(Cl)C2(Cl)C3CC(Cl)C(Cl)C3C1(Cl)C(Cl)=C2Cl,-4.69
CC(C)OC(=O)c1cc(-c2[n][n](C)c(c2Br)C(F)(F)F)c(F)cc1Cl,-7.15
CCN(C1CCCCC1)C(=O)N1N=NN(c2ccccc2Cl)C1=O,-9.43
CCOc1cc(ccc1C1COC(=N1)c1c(F)cccc1F)C(C)(C)C,-7.79
CSC(=O)c1cccc2[n][n][s]c12,-5.48
CC1(OC(=O)N(Nc2ccccc2)C1=O)c1ccc(cc1)Oc1ccccc1,-8.32
Fc1ccc(cc1)Oc1cc[n]c2cc(Cl)cc(Cl)c21,-6.82
COC(=O)CSc1cc(/N=C2\SC(=O)N3CCCCN3\2)c(F)cc1Cl,-8.48
CCc1ccc(cc1)C(=O)NN(C(=O)c1cc(C)cc(C)c1)C(C)(C)C,-7.65
Cc1[n][n](C)c(Oc2ccccc2)c1C=NOCc1ccc(cc1)C(=O)OC(C)(C)C,-7.25
Cc1cc(C#CC)[n]c(Nc2ccccc2)[n]1,-6.76
Brc1cc2Oc3ccccc3Oc2cc1,-4.52
OC(=O)C1CC(=O)C(C(=O)C1)=C(O)C1CC1,-7.76
CCON=C(CCC)C1=C(O)CC(CC1=O)C1CSCCC1,-7.12
CS(=O)(=O)c1cc(Cl)c(cc1)C(=O)C1C(=O)CCCC1=O,-7.43
COc1cc[s]c1CN(C(=O)CCl)c1c(C)cccc1C,-6.68
CC(CC)SP(=O)(OCC)SC(C)CC,-3.05
OCCOc1ccc(cc1)N=Nc1ccccc1,-7.67
COCC(C)N(C(=O)CCl)c1c(C)c[s]c1C,-3.56
Cc1cccc(CC)c1N(COC(C)C)C(=O)CCl,-4.52
Cc1ccc(cc1)C(=O)COc1c(C(=O)c2ccc(Cl)c(C)c2Cl)c(C)[n][n]1C,-7.01
CC1(C)C(/C=C(\Cl)/C(F)(F)F)C1C(=O)OCc1c(F)c(F)c(C)c(F)c1F,-4.22
CCOC(=O)C(C)OC(=O)c1cc(ccc1[N+]([O-])=O)Oc1ccc(cc1Cl)C(F)(F)F,-7.15
CCOC(=O)C(C)Oc1ccc(cc1)Oc1c[n]c2cc(Cl)ccc2[n]1,-8.19
Nc1c(Cl)c(ccc1[N+]([O-])=O)Oc1ccccc1,-6.92
O=C(OCc1ccccc1)c1[s]c(Cl)[n]c1C(F)(F)F,-6.53
Clc1cc(Cl)c2c(c1)oc1c2cc(Cl)cc1Cl,-7.57
CC(C)[C@H](C(=O)OC(C#N)c1cccc(c1)Oc1ccccc1)c1ccc(cc1)OC(F)F,-8.06
Clc1cc2c(cc1)c(Cl)c(Cl)c(Cl)c2Cl,-5.96
Clc1cc2c3c(oc2cc1)c(Cl)c(Cl)c(Cl)c3Cl,-8.44
CC(Cc1ccc(cc1)C(C)(C)C)CN1CCCCC1,-3.89
CC(C)Oc1cc(ccc1)NC(=O)c1ccccc1C(F)(F)F,-7.31
O=C(Nc1ccc(cc1)OC(F)(F)F)NC(=O)c1ccccc1Cl,-9.52
CCC1OC(CO1)COc1ccc(cc1)Oc1ccccc1,-6.08
CN(c1c(Br)cc(Br)cc1Br)c1c(cc(cc1C(F)(F)F)[N+]([O-])=O)[N+]([O-])=O,-7.01
C/C(=C\OP(=S)(OC)OC)/C(=O)OC,-2.92
CC(C)(SC(=O)N1CCCCC1)c1ccccc1,-5.4
CCCC1COC(C[n]2c[n]c[n]2)(O1)c1ccc(Cl)cc1Cl,-6.38
Clc1cc(Cl)ccc1Oc1ccc(Cl)cc1,-3.82
Clc1cc2oc3c(c2cc1Cl)c(Cl)c(Cl)cc3Cl,-8.82
[O-][N+](=O)c1c2c(ccc1[N+]([O-])=O)C(=O)c1ccccc1C2=O,-11.15
O=C1CCc2cccc3CCN1c32,-5.92
Clc1cc2c(oc3c2ccc(Cl)c3Cl)c(Cl)c1,-7.48
CSC1=NN=C(C(=O)N1/N=C/C(C)C)C(C)(C)C,-6.46
CN(C)C(=O)Nc1cc(o[n]1)C(C)(C)C,-6.42
CCCCCCCCCCOC(=O)Cl,-1.59
CN(SN(CCCC)CCCC)C(=O)Oc1cccc2CC(C)(C)Oc21,-6.51
CC(C)=CC1C(C(=O)OC(C#C)/C(/C)=C/CC)C1(C)C,-3.98
CC1(C)[C@@H]([C@@H]1C=C(Br)Br)C(=O)O[C@H](C#N)c1cccc(c1)Oc1ccccc1,-7.82
Clc1cc(-c2c(Cl)c(Cl)cc(Cl)c2Cl)c(Cl)cc1,-5.64
CCc1cc2cc3ccccc3cc2cc1,-5.28
COC(=O)C(C)Oc1ccc(cc1)Oc1ccc(Cl)cc1Cl,-5.46
Cc1cccc(CC)c1N(C(C)COC)C(=O)CCl,-4.5
Clc1cc2Oc3cc(Cl)c(Cl)cc3Oc2c(Cl)c1,-8.2
Clc1cc2Oc3cc(Br)c(Br)cc3Oc2cc1Cl,-8.33
CC1(C=C)OC(=O)N(c2cc(Cl)cc(Cl)c2)C1=O,-6.92
Cc1ccc(cc1)NC(O)=NC(C)(C)c1ccccc1,-8.47
CCCCCCCCCCCCCCCCCCCCCl,-5.62
Clc1cc(-c2c(Cl)cccc2Cl)c(Cl)cc1,-4.65
C/C(/C=C/CC(C)CCCC(C)C)=C\C(=O)OCC,-3.61
Clc1c(Cl)c2Oc3cc(Cl)c(Cl)cc3Oc2cc1Cl,-9.36
Clc1cc(Cl)c(Cl)c2Oc3c(Oc12)c(Cl)c(Cl)cc3Cl,-10.29
Clc1cccc2Oc3ccccc3Oc21,-4.05
Clc1c2oc3c(c2c(Cl)c(Cl)c1Cl)c(Cl)c(Cl)c(Cl)c3Cl,-11.43
Clc1c(cc(Cl)c(Cl)c1Cl)-c1cc(Cl)c(Cl)cc1,-5.79
Clc1cc(Cl)c(cc1)-c1cc(Cl)c(Cl)cc1Cl,-4.66
C=CCN(CC=C)C(=O)C(Cl)Cl,-2.22
CC(C)NC(=O)N1CC(=O)N(c2cc(Cl)cc(Cl)c2)C1=O,-8.43
CSc1ccc(cc1)OP(=S)(OCC)SCCC,-5.92
Clc1cc(Cl)c(Cl)cc1-c1cc(Cl)c(Cl)c(Cl)c1Cl,-6.01
Clc1cc(-c2ccccc2)c(Cl)cc1,-2.86
C/C=C/C=C/CCCCCCCO,-3.29
CCC(C)Nc1c(cc(cc1[N+]([O-])=O)C(C)(C)C)[N+]([O-])=O,-4.9
Clc1c(Cl)c(ccc1Cl)-c1cc(Cl)c(Cl)cc1,-5.19
CC(=O)OC1CCC(CC1)C(C)(C)C,-2.12
Clc1c2Oc3ccccc3Oc2c(Cl)c(Cl)c1Cl,-7.32
Cc1cc([n]c([n]1)N(CC)CC)OP(=S)(OC)OC,-4.82
CC(C)CCCCCOC(=O)C(C)Oc1ccc(Cl)cc1Cl,-5.47
CC(C)C(Cl)Cl,1.6
CC1CC=CC=1,2.09
FC(F)OC(C(F)(F)F)C(F)(F)F,2.59
Cc1cc(Cl)ccc1OCC(=O)SCC,-3.8
Clc1ccc(cc1)Oc1cc(Cl)cc(Cl)c1,-3.76
CCOP(=S)(Oc1[n][n](c[n]1)-c1ccccc1)OCC,-5.54
COP(=O)(OC1C2CC=CC2C=1Cl)OC,-2.89
Cl.CNC(=O)Oc1cc(ccc1)N=CN(C)C,-7.92
CCNc1[n]c(Cl)[n]c(NC(C)(C)C#N)[n]1,-6.86
CCCCCCO[N+]([O-])=O,0.2
CCCC(Br)CBr,0.15
CCCCCCCCCCCCCCCCCC=C,-4.42
C[Si](O[Si](C)(C)C)(O[Si](C)(C)C)O[Si](C)(C)C,-1.4
CC(C)C(C)CC(C)(C)C,0.78
CCC(C)(C)CC(C)C,1.13
OP(O)(=O)CCCl,-7.01
CC(C)[C@@H]1CC[C@@H](C)C[C@H]1OC(C)=O,-0.98
CC1CCCC(C)(C)C=1C=CC(C)=O,-1.27
CCOC(=O)Nc1cccc(c1)OC(=O)Nc1ccccc1,-8.52
CCCCCCCCCCCCCC=C,-2.34
CC(C)(C)SCSP(=S)(OCC)OCC,-3.49
CC(C)=C(C)CC,1.7
CCOP(=S)(OCC)SC(CCl)N1C(=O)c2ccccc2C1=O,-7.21
CC1=CC(=O)NO1,-2.86
CC(C)=CC1C(C(=O)OCN2C(=O)C3CCCCC=3C2=O)C1(C)C,-5.15
N#CCN(CC#N)CC#N,-6.5
CC(C)(C)C(C)(C)CC,0.98
C[Se][Se]C,0.45
Clc1ccc(cc1)Oc1ccccc1,-2.57
OC(=O)C(O)CC(O)=O,-7.48
CCC(C)OC,2.32
Clc1cc(ccc1)Oc1ccccc1,-2.42
Nc1ccc(cc1)Nc1ccc(cc1[N+]([O-])=O)[N+]([O-])=O,-10.22
CC(C)c1cccc2ccccc21,-2.22
CCCCCCCCCCCCCCCC1CCCCC1,-6.46
CC(C)OB(OC(C)C)OC(C)C,0.87
CC1OCCS(=O)(=O)C=1C(=O)Nc1ccccc1,-7.38
C[n]1:c:[n]:c2:[n]:c:[n]:c-2:c:1N,-11.8
CCCCCCCCCCCCCCCCCl,-4.21
CC1CC(C)(C)CC1,1.05
CCCCCCC1CCCCC1,-0.94
CCCCCCCI,-0.35
CCCCCCCCC(Br)CBr,-2.43
CCC(COC(=O)C=C)CC,0.23
Clc1cc(Cl)[n]c([n]1)-c1ccccc1,-4.05
O=C(C(c1ccc(Cl)cc1)c1ccccc1)C1C(=O)c2ccccc2C1=O,-9.12
C[Si](C)(C)O[Si](O[Si](C)(C)C)(O[Si](C)(C)C)O[Si](C)(C)C,-1.17
CCCCCCCCCCCCCCCCCBr,-4.74
CCCCCCCCCCCCCCCCCCC=C,-4.98
CCC(C)(C)C=C,2.02
CC(CO)C(C)=O,-0.65
BrC1CCC(Br)C(Br)CCC(Br)C(Br)CCC1Br,-6.33
O=C=NC1CCCCC1,0.01
C=CC1CC2CC1C=C2,0.99
CCOP(=S)(Oc1[n]c(Cl)c(Cl)cc1Cl)OCC,-4.69
CCCCCCCCCCCCCCCCCCS,-6.4
CCc1c(C)cccc1C,-0.13
N#CC(=Cc1ccccc1Cl)C#N,-4.47
CNC(=O)Oc1cc(C)c(C)c(C)c1,-4.29
CNC(=O)Oc1cc(C)cc(C)c1,-3.44
Cc1cc(cc(c1)OC(=O)NC)C(C)C,-4.52
CCCCOCCOC(=O)COc1cc(Cl)c(Cl)cc1Cl,-5.82
COP(=S)(Cl)OC,-0.3
CO[SiH](OC)OC,1.88
O=C1/C(/Nc2c1cc(Br)cc2Br)=C1\Nc2c(cc(Br)cc2Br)C\1=O,-11.1
CCCCCCCCCOCCCCCCCCC,-4.28
CC(O)=O.CCCCCCCCCCCCNC(N)=N,-6.82
CC(C)c1ccccc1C(O)=O,-3.46
CCCCCCCCCCCCCCCl,-3.14
ClC1(Cl)C2(Cl)C3(Cl)C4(Cl)C2(Cl)C2(Cl)C(Cl)(C3(Cl)C12Cl)C4(Cl)Cl,-6.1
COC(=O)CS,0.48
CC(C)N(C(C)C)C(=O)SCC(Cl)=CCl,-3.82
C=CC=CC=C,1.95
CCCCCC(C)CC,0.8
Clc1c(Cl)c(Cl)[n]c(Cl)c1Cl,-1.85
O=C1C2CCCC=2NC(=O)N1C1CCCCC1,-8.82
CCCCCCCCCCCCCCCc1ccccc1,-5.14
Clc1ccc(cc1)-c1ccccc1,-1.98
Clc1c(-c2c(Cl)c(Cl)c(Cl)c(Cl)c2Cl)c(Cl)c(Cl)c(Cl)c1Cl,-6.97
Clc1ccc(cc1)-c1ccc(Cl)cc1,-3.27
CCCC1CCCC1,1.09
C=Cc1cccc(Cl)c1,-0.01
CCCCCCCCCCN,-1.0
CN(C)C(=O)Nc1ccc(cc1)Oc1ccc(Cl)cc1,-8.41
Clc1cccc([n]1)C(Cl)(Cl)Cl,-2.32
COC(=O)COc1ccc(Cl)cc1Cl,-2.64
COc1c(C(O)=O)c(Cl)ccc1Cl,-4.47
FC(F)OCC(F)(F)F,2.81
CC(O)COCc1c(Cl)c(Cl)ccc1Cl,-4.0
Clc1ccc(Cl)c2ccccc12,-2.85
CCCCCCCCCCCCC(=O)OC,-2.89
C1C=CCO1,2.2
CCC(C)(C)S,1.68
CCCC1CCCCC1,0.62
FC(F)(Cl)CCl,2.53
CCCCCCCS,0.12
COC(C)(C)C,2.4
COc1[n]c(NC(C)C)[n]c(NC(C)C)[n]1,-5.64
CCc1ccc(Br)cc1,-0.15
CCCOCC(C)O,0.23
[O-][N+](=O)c1ccc(cc1)-c1ccc(cc1)[N+]([O-])=O,-7.56
O=CF,3.46
CCCCCCCCCCCCCCc1ccccc1,-4.62
CP(=O)(OC(C)C)OC(C)C,-0.56
CC1(C)C(C)C(C)(C)c2cc3COCC(C)c3cc12,-3.26
Cc1cc(C)[n]c2ccccc12,-2.1
C1COC=C1,2.4
CC(C)C(C)C(C)(C)C,1.1
CCc1cccc2ccccc21,-1.6
CCCCCCCCCCC,-0.39
CCN(CCCC)C(=O)SCCC,-1.05
CCCCCCCc1ccccc1,-1.51
Cc1ccccc1CCC,0.0
CCCCCC(C)(C)C,1.03
CCC(CC)(CC)CC,0.86
CNc1[n]c([n]c(NC(C)C)[n]1)SC,-6.0
CCCCCO[N+]([O-])=O,0.71
CCC(C)(C)OC,1.88
COC1=NN(CSP(=S)(OC)OC)C(=O)S1,-5.47
CCc1cc2ccccc2cc1,-1.5
O=NN1CCCC1,-1.22
CCCOC(=O)C=C,1.16
OC(C(F)(F)F)C(F)(F)F,2.2
c1ccccc1SSc1ccccc1,-3.66
CN1C=CC(=O)N(C)C1=O,-2.26
CCCCCCCCC=C,0.22
CC(=C)C(=O)OCCO,-0.9
C1CCCCC1c1ccccc1,-1.4
C=CC(=O)OCCO,-1.28
CCC(=O)CBr,0.56
O=P(Cl)(Cl)Oc1ccccc1,-1.28
C=CC(Cl)CCl,1.34
CP(=O)(OC)OC,-0.02
COP(=S)(OC)SCN1C(=O)c2ccccc2C1=O,-6.31
Cc1ccc(c(O)c1)[N+]([O-])=O,-1.7
CC(C)C1CCCCC1,0.68
CCCCCCCCCBr,-0.92
CCCCC#C,2.12
FCC(F)(F)C(F)F,2.88
COc1[n]c(NCC)[n]c(NCC)[n]1,-5.62
CCCCCCCCCCCCCCCCCCCCCCCCCCCCCC,-10.56
CCCCC(C)Cl,1.13
Clc1ccc(I)cc1,-1.23
Clc1cc(Cl)c(Cl)c(Cl)c1,-1.26
CC(C)(C)C#N,1.54
CCCCCCCCCCCCCCCCCCCCCCCCCCCCC,-9.37
CCCCCCCCCCCCCCCCCCCCCC,-5.89
CCCCCCCCCCCCCCCCCCC,-4.31
CCCCCCCCCCCCCCCBr,-3.83
CCCCSSCCCC,-1.2
CCOCCOCC,1.53
CCCCCCCBr,0.1
N#CCNCC#N,-2.47
CCCCCC#C,1.72
C1C=CCC=C1,1.82
CCCCOC,2.14
CCCCCCCCCCC(=O)OCC,-2.37
CCCC#C,2.64
CCCC[N+]([O-])=O,0.58
Brc1cc(Br)cc(Br)c1,-2.82
CC(C)C[N+]([O-])=O,0.84
COCC(C)C,2.32
CCCCOS(=O)(=O)OCCCC,-1.93
CCSC,2.2
COC(=O)/C=C\C(=O)OC,-0.52
CCCC(=O)OC,1.51
S=C=NCc1ccccc1,-1.81
ICc1ccccc1,-0.9
CC(C)c1cccc(O)c1,-1.16
CC(C)C(=O)OC(C)C,1.2
COC(=O)OC,1.74
CCOC(=O)N(C)N=O,0.07
c1c(ccc2ccccc21)-c1ccccc1,-4.46
Cc1cccc2ccc[n]c21,-1.6
Cc1ccccc1N(C)C,-0.06
Cc1c(cccc1[N+]([O-])=O)[N+]([O-])=O,-3.25
c1c2ccccc2c(c2ccccc21)-c1ccccc1,-7.3
CC(C)(c1ccccc1)c1ccc(O)cc1,-4.23
FC(F)=C(F)Br,3.29
CC(C)=C=C,2.63
CCC(C)(C)C(O)=O,-0.83
CC(C)(O)C(O)=O,-2.06
CC1CC1,3.2
FCCl,3.39
C=CCSCC=C,0.96
C1CC=CC=C1,1.99
C/C=C/CC=C,2.24
CCCCCC(C)C,1.32
Ic1ccccc1,0.03
CC1CC(=O)CCC1,0.18
Cc1cc(Br)ccc1,0.18
CC1(C)CCCCC1,1.36
CC=C=C,3.1
CC1CCC(=O)CC1,0.18
CCC[C@H](O)CCCC,-0.51
CC(C)CC(C)CC,1.48
OC(=O)c1ccc(Br)cc1,-5.0
CC(C)(C)c1cccc(O)c1,-1.7
CCC(O)CO,-1.3
CC1CCCCC1=O,0.35
Cc1cc2cc(C)ccc2cc1,-2.25
Nc1cc2ccc[n]c2cc1,-4.79
CCc1ccccc1N,-0.77
Cc1cc2cccc(C)c2cc1,-1.84
Cc1ccc(C)c2ccccc12,-1.67
CC(C(C)C)C(C)C,1.43
CC[C@H](C)C(C)(C)C,1.51
[O-][N+](=O)CBr,0.49
CC(Cl)C=C,2.18
CCC(C)(C)CCC,1.46
CCC(C)(C)C(C)=C,1.48
BrC(Br)(Br)Br,-0.57
CCOCC=C,2.18
C[Si](C)(C)O[Si](C)(C)O[Si](C)(C)O[Si](C)(C)O[Si](C)(C)O[Si](C)(C)O[Si](C)(C)O[Si](C)(C)C,-2.5
CN=C=S,0.55
Cc1ccc[s]1,1.4
[O-][N+](=O)c1ccccc1C=O,-1.75
O=C1C=Cc2cccc3cccc1c23,-5.17
CCCCCCCCCCCCCCCCI,-4.78
C1C=CC=CC=C1,1.37
CC(C)CCOCCC(C)C,0.15
CC(C)COC(=O)Cl,0.92
CCN=C=S,1.06
O=C(CCl)OC(=O)CCl,-1.43
CCCC(N)=O,-2.41
C[Si]1(C)O[Si](C)(C)O[Si](C)(C)O1,0.55
CC(=O)OC(C)(C)C,1.67
SCCS,0.75
CCC(=O)OCC(C)C,0.81
CCOCc1ccccc1,-0.03
CCc1c[n]ccc1,0.4
CCOC(=O)C(Cl)Cl,0.46
CC(OC)OC,2.23
CCCCOC(=O)C1=CC(=O)CC(C)(C)O1,-3.52
Cc1ccccc1C#N,-0.35
Cc1cc(C)c(C)c(C)c1,-0.3
c1ccccc1C(c1ccccc1)c1ccccc1,-5.25
CC(=C)C(C)=C,2.18
CC(C)CI,1.19
CCOC(F)(F)C(F)F,2.34
FC(F)(Cl)C(F)(F)C(F)Cl,2.46
OC(=O)CCCCCCC(O)=O,-6.54
O=C1CC(=O)NC(=S)N1,-7.7
O=C1CCCCCC1,0.1
COP(=S)(Oc1cc(Cl)c(cc1)[N+]([O-])=O)OC,-5.4
Cc1cc(N)c(N)cc1,-3.2
Cc1ccc(C)c(C)c1C,-0.44
CCOP(=O)(OC(=CCl)c1ccc(Cl)cc1Cl)OCC,-5.12
CC/C=C\C/C=C\C/C=C\CCCCCCCC(O)=O,-6.27
CCCCCCC(=O)CCCCCC,-2.18
O=C(Cc1ccccc1)c1ccccc1,-3.74
CC(=O)C(C)=O,1.75
O=C(OC(=O)C(F)(F)F)C(F)(F)F,1.61
OC(=O)C(F)(F)C(F)(F)C(F)(F)C(F)(F)C(F)(F)C(F)(F)F,-0.88
C[C@H](O)C(F)(F)F,1.78
CC(C)NP(=O)(F)NC(C)C,-3.0
FC(F)(F)C(F)=C(F)C(F)(F)F,3.3
FC1(F)C(F)(F)C(F)(F)C(F)(F)C(F)(F)C1(F)F,2.23
FC(F)(F)C(Cl)(Cl)Cl,2.56
O=C(F)F,4.65
Cc1ccc(F)cc1,1.32
OC(=O)C(F)(F)C(F)(F)C(F)(F)C(F)(F)C(F)(F)C(F)(F)C(F)(F)F,-0.28
CCCCCCCCCCF,-0.2
CON(C)C(=O)Nc1cc(Cl)c(Cl)cc1,-5.84
FC(F)(F)c1cc(Cl)c(Cl)cc1,0.37
FC(F)(F)c1ccc(Cl)cc1Cl,0.04
CC/C=C\C/C=C\C/C=C\CCCCCCCC(=O)OC,-5.3
CCSCCSP(=S)(OCC)OCC,-4.01
C/C(/OP(=O)(OC)OC)=C(\Cl)/C(=O)N(CC)CC,-4.78
C1CCCCCCC1,0.74
c1[n]cco1,2.12
c1cccc2occc21,-0.36
c1cccc2c3[s]c4ccccc4c3ccc21,-6.94
c1cc2c3ccccc3ccc2c2ccccc21,-8.21
c1c2-c3cccc4cccc(c43)-c2cc2ccccc21,-9.02
c1cc2cccc3c2c2c(cccc21)c1ccccc31,-8.24
C1CC21CC2,2.66
FC(F)(F)C(Cl)Br,2.48
CCOB(OCC)OCC,1.22
c1[n]c(c[s]1)-c1[nH]c2ccccc2[n]1,-8.4
CC(C)C(O)C(C)(C)CO,-2.35
CCCCCCCCCCCCBr,-2.41
CCCCOCCCC,0.78
CCCCCCC,1.66
ClCCCCl,1.26
CC(C)=CC(C)=O,0.91
C[Si](C)(C)O[Si](C)(C)O[Si](C)(C)O[Si](C)(C)C,-0.43
CCCCOC(=O)C=C,0.74
Cc1ccc(C=C)c[n]1,0.07
CCCCOC(=O)C(C)O,-0.4
Cc1ccccc1S,-0.19
Oc1cc2ccccc2cc1,-3.49
c1cccc2[s]c3ccccc3c21,-3.69
CC1(C)C2CC1CCC2=C,0.47
CC(=O)C(O)=O,0.11
CCCCOP(=O)(OCCCC)OCCCC,-2.95
CNC,3.18
CCCCCCCCCC,0.16
CCCCCCCC=C,0.73
O=C(Cl)OCCOC(=O)Cl,-1.67
CCCCCCC(C)O,-0.62
CCCCCCCCOC(=O)CCCCC(=O)OCCCCCCCC,-6.07
O=C1CCC(=O)N1,-4.12
CCC=O,2.5
CCOC(=O)CCC(=O)OCC,-1.36
CCc1ccc(O)cc1,-1.43
CCCCCCCCCCCCc1ccccc1,-4.29
CC(=O)Oc1ccccc1,-0.4
CC(=O)C=Cc1ccccc1,-1.91
CCNc1[n]c(Cl)[n]c(NCC)[n]1,-7.66
[O-][N+](=O)c1cccc(Cl)c1,-1.01
Cc1ccc(cc1[N+]([O-])=O)[N+]([O-])=O,-3.83
Clc1cc(Cl)c(Cl)cc1,-0.34
OCCOc1ccc(Cl)cc1Cl,-3.7
CN(C)C(=O)Oc1cc(C)[n][n]1C(C)C,-3.0
Cc1c(cc(cc1[N+]([O-])=O)[N+]([O-])=O)[N+]([O-])=O,-5.1
CCC(C)C(O)=O,-0.31
COC(C)=C,2.71
CS(=O)c1ccc(cc1)OP(=S)(OCC)OCC,-4.3
CC[Si](Cl)(Cl)Cl,1.67
COC,3.65
CCC(O)(C=CCl)C#C,-1.0
CCCCCCCCCCCCCCCCC=C,-4.17
CCCCCCCCCCCCCCO,-3.96
CCCCCCCC/C=C\CCCCCCCC(=O)OC,-5.2
CCCCCCOCCCCCC,-1.34
CCCCCCCCCCCCO,-3.07
COCCOCCOCCOC,-1.39
CCCCCCCCCCCC,-0.87
CCOCCOCCOCC,-0.28
CCCCCCCCCCBr,-1.4
NCCNCCNCCN,-3.39
CCCCNCCCC,0.41
CCCCCCCCO,-1.1
CCCCCCCCBr,-0.42
CCCCOCCO,-0.06
CCCCCCCN,0.44
CCCCCCCCCCCCCCCCCC(=O)OCC,-5.59
CCCSCCC,0.81
OCCNCCO,-3.55
CCCCOC=C,1.69
CCCCCCO,-0.03
OC(=O)CCCCCC(O)=O,-7.05
CCCCCCCC(=O)OC,-0.27
C1COCCN1,1.0
C1CNCCN1,-0.8
CCOCCO,0.73
N#CCCC#N,-2.11
ClCCCCCl,0.62
COCCOC(C)=O,0.3
CCOC(=O)CCCCCCCCC(=O)OCC,-3.29
C1CCCS1,1.26
CCOC=O,2.39
COCOC,2.6
N#CCCO,-1.1
CCCCN,1.97
CCCCC,2.71
CCCOC(C)=O,1.56
CC(=O)CCC=C,1.02
Cc1c[n]cc[n]1,0.91
Cc1c[n]ccc1,0.78
OC1CCCCC1,-0.1
Cc1ccccc1,1.45
CC(C)CC(=O)CC(C)C,0.22
Clc1cc(Cl)cc(Cl)c1,-0.62
CCOC(=O)CC(C)C,0.92
Nc1cc(N)ccc1,-2.68
Cc1cc(Cl)ccc1,0.57
Brc1cc(Br)ccc1,-0.57
CC(=O)OC(C)=O,0.71
CC(C)NC(C)C,1.9
OC(=O)CCS,-1.3
COC(C)(C)CC(C)=O,0.34
CCOP(=O)(OP(=O)(OCC)OCC)OCC,-3.59
CC(C)=CC(C)(C)C,1.56
COCCl,1.48
O=CCCl,1.81
N#CCCl,1.18
CCCN,2.49
C=CCCl,2.57
CCC#C,3.15
CCCBr,2.04
O=C(Cl)OCCOCCOC(=O)Cl,-2.83
COC(=O)CCC(=O)OC,-0.39
Cc1ccc(N)cc1,-0.54
Cc1ccc(S)cc1,-0.19
Oc1ccc(Br)cc1,-1.93
CCC(=O)OCCC,1.14
CCCC(=O)OCCC(C)C,-0.02
CC(C)=CCC/C(/C)=C/COC(C)=O,-1.48
O=C1CCCCCN1,-2.8
CCOC(=O)CC#N,-1.41
CCC(C)OC(C)=O,1.23
CCC(=O)OCC,1.55
C[C@H]1CC[C@@H](CN1)CC,0.46
CCCCC(CO)CC,-0.87
OCC=Cc1ccccc1,-1.62
O=C=Nc1ccc(Cl)cc1,-0.71
CCOc1ccccc1,0.18
CCCc1ccccc1,0.53
CC(=O)OCCc1ccccc1,-1.5
CCCCC(COC(=O)C=C)CC,-0.75
CCCN(CCC)CCC,0.18
CC(=O)CC(=O)Nc1ccccc1,-4.28
CC(=Cc1ccccc1)C=O,-1.82
C1N2CN3CN1CN(C2)C3,-2.4
CCN1CCOCC1,0.7
COc1ccccc1,0.55
N#Cc1c[n]ccc1,-0.53
N#Cc1ccccc1,-0.11
C=Cc1ccccc1,0.81
CCN(CCO)CC,0.15
CN(C)c1ccc(C=O)cc1,-2.43
[O-][N+](=O)c1ccc(Cl)cc1,-1.66
Cc1ccc(cc1)C(O)=O,-4.29
CC1CC=C(CC=1)C(C)C,0.04
[O-][N+](=O)c1cc(ccc1)[N+]([O-])=O,-3.05
Cc1cc(ccc1C)[N+]([O-])=O,-2.44
Nc1cc(ccc1)[N+]([O-])=O,-4.02
O=C(Cl)c1ccccc1,-0.15
CC(C)c1ccccc1,0.65
CC(C)(C)C1CCC(O)CC1,-1.15
O=S(=O)(Cl)c1ccccc1,-1.24
O=Cc1ccco1,0.34
CC(=C)C(=O)OCCCC,0.33
CC(=C)C(=O)OCC,1.31
CCc1cc(c(O)cc1)C(C)(C)C,-1.74
O=C1CCCO1,-0.35
CC1CCCC1,2.14
OC(CCl)CCl,-0.12
CC(CC)CC,2.28
CC(=C)C(=O)OCC=C,0.76
CCOC(=O)C(=O)OCC,-0.38
Nc1cc(Cl)c(Cl)cc1,-2.2
Cc1cc(O)ccc1C,-1.45
Nc1ccccc1N,-2.69
Clc1ccccc1Cl,0.13
Cc1ccccc1Br,0.02
CCN(CC)C(=S)SCC(=C)Cl,-2.66
CCCCOC(=O)COc1ccc(Cl)cc1Cl,-4.21
CC(C)OC(=O)COc1ccc(Cl)cc1Cl,-3.63
CCOC(=O)c1ccccc1,-0.57
COC(=O)c1ccccc1,-0.42
CC(=O)Oc1ccc(CC=C)cc1OC,-2.5
c1ccccc1-c1ccccc1,-2.05
CCN(CC)c1ccccc1,-0.87
Nc1cc2ccccc2cc1,-3.59
COc1ccccc1[N+]([O-])=O,-2.44
COc1ccccc1OC,-0.33
Oc1cccc2ccccc21,-3.56
COc1ccccc1O,-0.99
O=Cc1ccccc1Cl,-0.64
CC(C)c1ccccc1O,-1.0
Oc1c(Cl)cc(Cl)cc1Cl,-2.1
Cc1cccc(N)c1C,-1.12
[O-][N+](=O)c1cccc2ccccc21,-3.32
CCCCOC(=O)c1ccccc1C(=O)OCCCC,-4.7
O=C(OC1CCCCC1)c1ccccc1C(=O)OC1CCCCC1,-6.06
C1Cc2cccc3cccc1c23,-2.67
COc1cccc2c1C(=O)c1ccccc1C2=O,-6.56
CC(=C)C(=O)OC,1.59
CC(C)(OO)c1ccccc1,-2.49
CN(C)C(=O)Cl,0.29
CC(=C)C(N)=O,-1.07
CC(C)C(O)=O,0.26
CC(=O)OO,1.16
OC(=O)CCl,-1.19
ClC=C(Cl)Cl,1.84
CC(O)CN,-0.33
CC(N)CN,1.03
CCC(C)Cl,2.19
CC(C)C#N,1.51
CCC(C)Br,1.76
C[Si](C)(OCC)OCC,1.3
CCCCC(COP(=O)(OCC(CCCC)CC)OCC(CCCC)CC)CC,-7.08
[O-][N+](=O)OCC(CO[N+]([O-])=O)(CO[N+]([O-])=O)CO[N+]([O-])=O,-8.26
CCC(C)(O)C#C,0.72
FC(F)(C(F)(F)F)C(F)(F)F,3.82
FC(F)(Cl)C(F)(Cl)Cl,2.56
OC(=O)C(F)(F)F,2.04
CC(Cl)(Cl)C(O)=O,-0.82
CC(C)(C)OO,0.74
C[Si](Cl)(Cl)Cl,2.22
CS(O)(=O)=O,-3.37
FC(Cl)(Cl)Cl,2.9
CC1CO1,2.73
CN(C)C,3.21
FC(Cl)Cl,3.13
C=C(Cl)Cl,2.78
CC(C)I,1.63
BrC(Br)Br,0.73
CCCl,3.0
CCBr,2.67
c1cc(ccc1Nc1ccccc1)Nc1ccccc1,-8.2
Oc1ccc2c(C(=O)c3ccccc3C2=O)c1O,-9.06
CCCCO,0.83
OC(=O)CS,-1.06
CC(C)=O,2.36
O=C1NC(=O)CC(=O)N1,-7.82
CCOS(=O)(=O)OCC,-0.67
CN1CC(=CCC1)C(=O)OC,-1.1
NC(N)=S,-2.55
Nc1[n]c[nH][n]1,-6.36
CNN,1.7
OCCc1ccccc1,-1.06
OCC(S)CS,-2.3
OC[C@@H](O)[C@@H](O)[C@@H](O)C=O,-9.71
NC(N)=O,-4.92
NCCCC[C@H](N)C(O)=O,-8.28
c1c2c3ccccc3ccc2cc2ccccc21,-6.68
CC(C)OP(=O)(F)OC(C)C,-0.24
CN1CCC[C@H]1c1c[n]ccc1,-1.42
[O-][N+](=O)C(Br)(CO)CO,-4.9
CC(=O)Oc1ccccc1C(O)=O,-4.6
COC(=O)[C@@H]1C2CCC(C[C@@H]1OC(=O)c1ccccc1)[N@@]2C,-6.72
Clc1cc2Oc3c(Oc2c(Cl)c1Cl)c(Cl)c(Cl)c(Cl)c3Cl,-10.19
ClC1(Cl)[C@@]2(Cl)[C@@H]3[C@@H]4C[C@@H](C=C4)[C@@H]3[C@]1(Cl)C(Cl)=C2Cl,-3.92
OC(=O)/C=C/c1ccccc1,-4.49
O=S1OCC2C(CO1)C1(Cl)C(Cl)=C(Cl)C2(Cl)C1(Cl)Cl,-6.17
c1ccccc1/C=C/c1ccccc1,-2.61
CC(C)C1CCC(C)CC1O,-1.08
COP(=O)(NC(C)=O)SC,-5.769551079
CCOP(=S)(OCC)SCn1nnc2ccccc2c1=O,-5.619788758
COP(=S)(OC)SCn1nnc2ccccc2c1=O,-5.795880017
CC(C)OP(=S)(OC(C)C)SCCNS(=O)(=O)c1ccccc1,-6.096910013
COP(=S)(OC)Oc1cc(Cl)c(Br)cc1Cl,-3.89279003
CCOP(=S)(OCC)Oc1nc(Cl)c(Cl)cc1Cl,-4.692503962
COP(=S)(OC)Oc1nc(Cl)c(Cl)cc1Cl,-4.37675071
CCOP(=S)(OCC)Oc1ccc2c(C)c(Cl)c(=O)oc2c1,-7.013228266
COP(=S)(OC)Oc1ccc(C#N)cc1,-3.103473783
CC(C)OP(=O)(F)OC(C)C,-0.237321436
CCOP(=S)(OCC)SC(CCl)N1C(=O)c2ccccc2C1=O,-7.207608311
CCOP(=S)(OCC)Oc1cc(C)nc(C(C)C)n1,-4.045275209
CCOP(=S)(OCC)Oc1ccc(Cl)cc1Cl,-3.251811973
COP(=O)(OC)OC=C(Cl)Cl,-1.801342913
COP(=O)(OC)O/C(C)=C/C(=O)N(C)C,-3.795880017
CNC(=O)CSP(=S)(OC)OC,-5.083546051
CCOP(=S)(OCC)SCCSCC,-4.010995384
CCOP(=S)(OCC)SCSP(=S)(OCC)OCC,-5.823908741
CCCSP(=O)(OCC)SCCC,-3.420216403
CCOc1cc(OP(=S)(OC)OC)nc(CC)n1,-4.096910013
CCOP(=O)(NC(C)C)Oc1ccc(SC)c(C)c1,-6.0
COP(=S)(OC)Oc1cc(Cl)c(Cl)cc1Cl,-4.124938737
COP(=S)(OC)Oc1ccc([N+](=O)[O-])c(C)c1,-4.26760624
COP(=S)(OC)Oc1ccc(SC)c(C)c1,-4.978810701
COP(=S)(OC)SCC(=O)N(C)C=O,-6.071604148
CCOP(=O)(C#N)N(C)C,-1.15490196
CC(C)OP(C)(=O)F,0.456366033
CC(OP(C)(=O)F)C(C)(C)C,-0.397940009
CP(=O)(F)OC1CCCCC1,-1.356547324
CCOP(=S)(NC(C)C)Oc1ccccc1C(=O)OC(C)C,-5.522878745
COP(=S)(Oc1cc(Cl)c(Br)cc1Cl)c1ccccc1,-7.638272164
CCOC(=O)CC(SP(=S)(OC)OC)C(=O)OCC,-5.4710833
COP(=S)(OC)SCc1nc(N)nc(N)n1,-6.010995384
COC(=O)/C(C)=C/OP(=S)(OC)OC,-2.920818754
COP(N)(=O)SC,-4.455931956
COc1nn(CSP(=S)(OC)OC)c(=O)s1,-5.472370099
COC(=O)/C=C(\C)OP(=O)(OC)OC,-3.89279003
CNC(=O)/C=C(\C)OP(=O)(OC)OC,-5.661543506
COP(=O)(OC)OC(Br)C(Cl)(Cl)Br,-3.698970004
CNC(=O)CSP(=O)(OC)OC,-4.605548319
CCS(=O)CCSP(=O)(OC)OC,-4.54515514
CCOP(=S)(OCC)Oc1ccc([N+](=O)[O-])cc1,-5.175223538
COP(=S)(OC)Oc1ccc([N+](=O)[O-])cc1,-5.455931956
CCOC(=O)C(SP(=S)(OC)OC)c1ccccc1,-5.585026652
CCOP(=S)(OCC)SCSCC,-3.195179321
COP(=S)(OC)SCN1C(=O)c2ccccc2C1=O,-6.30980392
CCN(CC)C(=O)/C(Cl)=C(\C)OP(=O)(OC)OC,-4.602059991
CCOP(=S)(OCC)O/N=C(\C#N)c1ccccc1,-4.801342913
CCN(CC)c1nc(C)cc(OP(=S)(OC)OC)n1,-4.823908741
CCCSP(=O)(OCC)Oc1ccc(Br)cc1Cl,-6.045757491
CCNP(=S)(OC)O/C(C)=C/C(=O)OC(C)C,-4.844663963
CCOP(=S)(OCC)SCC(=O)NC(C)C,-4.010995384
CCCSP(=O)(OCC)Oc1cnn(-c2ccc(Cl)cc2)c1,-7.920818754
CCOP(=S)(OCC)Oc1ccc(=O)n(-c2ccccc2)n1,-7.958607315
CCOP(=S)(OCC)Oc1cnc2ccccc2n1,-5.585026652
CN(C)P(=O)(OP(=O)(N(C)C)N(C)C)N(C)C,-3.0
CCOP(=S)(OCC)OP(=S)(OCC)OCC,-3.978810701
CCCSP(=S)(OCC)Oc1ccc(SC)cc1,-5.920818754
CCOP(=S)(Oc1cnc(C(C)(C)C)nc1)OC(C)C,-4.425968732
CCOP(=S)(OCC)SCSC(C)(C)C,-3.494850022
COP(=O)(OC)O/C(=C\Cl)c1cc(Cl)c(Cl)cc1Cl,-7.37675071
CCSCCSP(=S)(OC)OC,-4.769551079
CCOP(=S)(OCC)Oc1cnccn1,-2.522878745
CCOP(=S)(OCC)Oc1ncn(-c2ccccc2)n1,-5.537602002
CCCCSP(=O)(SCCCC)SCCCC,-4.860120914
COP(=O)(OC)C(O)C(Cl)(Cl)Cl,-5.107905397
CCOP(=S)(CC)Oc1cc(Cl)c(Cl)cc1Cl,-4.823908741
CCOP(C)(=O)SCCN(C(C)C)C(C)C,-3.15490196
CCOP(=O)(OCC)Oc1ccc([N+](=O)[O-])cc1,-5.958607315
CCSCCSP(=O)(OC)OC,-3.522878745
CCOP(=S)(OCC)SC(CCl)N1C(=O)c2ccccc2C1=O,-7.207608311
CCOP(=S)(CC)Sc1ccccc1,-3.4710833
COP(=S)(OC)Oc1ccc([N+](=O)[O-])c(Cl)c1,-5.397940009
COP(=S)(OC)Oc1ccc([N+](=O)[O-])cc1Cl,-5.443697499
CCOP(=S)(OCC)Oc1ccc(S(C)=O)cc1,-4.301029996
CCCOP(=O)(OCCC)Oc1ccc(SC)cc1,-6.045757491
COC(=O)C(C)=COP(=S)(OC)OC,-2.920818754
CCOC(=O)CC(SP(=O)(OC)OC)C(=O)OCC,-5.008773924
COC(=O)/C=C(/C)OP(=O)(OC)OC,-3.89279003
CCOP(=O)(OCC)O/C(=C\Cl)c1ccc(Cl)cc1Cl,-5.124938737
CCOP(=O)(OCC)O/C(=C\Cl)c1ccc(Cl)cc1Cl,-5.124938737
CCOP(=O)(OCC)SCc1ccccc1,-4.392544977
O=P(O)(O)CCCl,-7.008773924
CN(C)P(=O)(F)N(C)C,-0.958607315
COP(=O)(OC)OC,-0.070581074
CCOP(=O)(CC)OCC,-1.140261434
CCOP(=O)(OCC)OCC,-0.40560745
C,3.698970004
CCC,2.275633788
CCCC,1.713540942
CC(C)C,1.860822947
CCCCC,1.19240017
CCC(C)C,1.310587115
CCCCCC,0.695455408
CCCC(C)C,0.829541765
CCC(C)CC,0.787623393
CCC(C)(C)C,0.99371832
CC(C)C(C)C,0.870556057
CCCCCCC,0.209541822
CCCCC(C)C,0.357420246
CCCC(C)CC,0.327992032
CCC(CC)CC,0.301962726
CCC(C)C(C)C,0.371474246
CC(C)CC(C)C,0.517631294
CCC(C)(C)CC,0.442260215
CC(C)C(C)(C)C,0.527887566
CCCCCCCC,-0.270106596
CCCCCC(C)C,-0.114808459
CCCCC(C)CC,-0.136498699
CCCC(C)CCC,-0.117247844
CCCC(CC)CC,-0.127435857
CCCCC(C)(C)C,0.086395427
CCCC(C)C(C)C,-0.064996849
CCC(C)CC(C)C,0.040167036
CC(C)CCC(C)C,0.040364956
CCCC(C)(C)CC,0.01321654
CCC(C)C(C)CC,-0.097888277
CCC(CC)C(C)C,-0.058886273
CCC(C)(CC)CC,-0.076186279
CCC(C)C(C)(C)C,0.057704132
CCC(C)(C)C(C)C,-0.014753209
CC(C)C(C)C(C)C,-0.01014989
CC(C)(C)C(C)(C)C,-0.082757142
CCCCCCCCC,-0.745935547
CCCCCCC(C)C,-0.599980365
CCCCCC(C)CC,-0.598599459
CCCCC(C)CCC,-0.563519305
CCCCC(CC)CC,-0.542875374
CCCCCC(C)(C)C,-0.366733589
CC(C)CCCC(C)C,-0.433444669
CCCC(C)C(C)(C)C,-0.366733589
CCC(C)CC(C)(C)C,-0.240483241
CC(C)CCC(C)(C)C,-0.20697834
CCCC(C)(C)C(C)C,-0.416234632
CC(C)CC(C)C(C)C,-0.343039817
CCC(C)(C)CC(C)C,-0.290645224
CCC(C)C(C)(C)CC,-0.45136494
CCC(CC)(CC)CC,-0.548981548
CCC(CC)C(C)(C)C,-0.366733589
CCC(C(C)C)C(C)C,-0.416234632
CCC(C)(C)C(C)(C)C,-0.442132038
CC(C)C(C)C(C)(C)C,-0.137093786
CC(C)(C)CC(C)(C)C,-0.137093786
CC(C)C(C)(C)C(C)C,-0.45655282
CCCCCCCCCC,-1.215382707
CCCCCCCC(C)C,-1.069560405
CCCCCCC(C)CC,-1.070581074
CCCCCC(C)CCC,-1.022276395
CCCCC(C)CCCC,-1.009661145
CC(C)CCCCC(C)C,-0.918652692
CCCC(C)C(C)(C)CC,-0.853561865
CCC(C)CC(C)(C)CC,-0.758951849
CCCC(C)(C)C(C)(C)C,-0.800244823
CC(C)(C)CCC(C)(C)C,-0.461803422
CC(C)C(C(C)C)C(C)C,-0.757707095
CCCCCCCCCCC,-1.690369833
CCCCCCCCCCCC,-2.148741651
CCCCCCCCCCCCC,-2.508638306
CCCCCCCCCCCCCC,-3.045757491
CCCCCCCCCCCCCCC,-3.698970004
CCCCCCCCCCCCCCCC,-4.0
CCCCCCCCCCCCCCCCC,-4.0
CCCCCCCCCCCCCCCCCC,-4.0
CCCCCCCCCCCCCCCCCCC,-4.0
CC1CCCC1,0.65363695
CCC1CCCC1,0.148170613
C[C@@H]1CCC[C@@H]1C,0.217062606
C[C@@H]1CCC[C@H]1C,0.340999023
C[C@H]1CC[C@@H](C)C1,0.360138814
C[C@H]1CC[C@H](C)C1,0.344215376
CCCC1CCCC1,-0.326979093
CC(C)C1CCCC1,-0.221053272
CCC1(C)CCCC1,-0.138883956
CC[C@@H]1CCC[C@@H]1C,-0.259479414
CC[C@H]1CCC[C@@H]1C,-0.141041945
CC[C@H]1CC[C@H](C1)C,-0.146058554
CC[C@H]1CC[C@H](C)C1,-0.131531901
CC1CCCC1(C)C,-0.000521466
CC1CCC(C1)(C)C,0.143951116
C[C@H]1CC[C@@H](C)[C@H]1C,-0.159893906
CC1CCC(C1C)C,-0.069305612
CC1CCC(C1C)C,0.056447458
C[C@@H]1CC(C[C@@H]1C)C,-0.070632171
CC1CC(C(C1)C)C,-0.054826954
C[C@H]1CC(C[C@@H]1C)C,0.065392962
C1CCCCC1,0.516085643
CC1CCCCC1,0.205393853
CCC1CCCCC1,-0.315693354
CC1(C)CCCCC1,-0.086557045
C[C@@H]1CCCC[C@@H]1C,-0.267847582
C[C@@H]1CCCC[C@H]1C,-0.151195299
C[C@@H]1CCC[C@@H](C1)C,-0.106848787
C[C@H]1CCC[C@H](C)C1,-0.186485728
C[C@H]1CC[C@@H](C)CC1,-0.180127178
C[C@@H]1CC[C@@H](C)CC1,-0.086133188
CCCC1CCCCC1,-0.769551079
CC(C)C1CCCCC1,-0.720789487
CCCCC1CCCCC1,-1.240332155
CC(C)CC1CCCCC1,-1.042392713
C1CCCCCC1,-0.100945932
C1CCCCCCC1,-0.654038458
C1CCC(CC1)C2CCCCC2,-2.26760624
C1CCC2CCCCC2C1,-1.266802735
CCC=C,1.801249312
C\C=C/C,1.660359771
C\C=C\C,1.697944729
CC(C)=C,1.810118215
CCCC=C,1.282866717
CC\C=C/C,1.179933642
CC/C=C/C,1.188624793
CCC(C)=C,1.265070301
CC(C)C=C,1.421663145
CC=C(C)C,1.155739774
CCCCC=C,0.778650402
CCC\C=C/C,0.690807207
CCC/C=C/C,0.707084517
CC\C=C/CC,0.730620798
CC\C=C\CC,0.717587297
CCCC(C)=C,0.799375016
CCC(C)C=C,0.926496789
CCC=C(C)C,0.714011048
CC\C(C)=C/C,0.711216524
CC\C(C)=C\C,0.66407759
C\C=C/C(C)C,0.889094312
C/C=C/C(C)C,0.852699525
CCC(=C)CC,0.756209971
CC(C)C(C)=C,0.901741583
CC(C)=C(C)C,0.619406411
CCCCCC=C,0.292898175
CCCC\C=C/C,0.227501065
CCCC/C=C/C,0.230448921
CCC\C=C/CC,0.267664432
CCC/C=C/CC,0.278753601
CCCCC(C)=C,0.322219295
CCCC(C)C=C,0.447158031
CCC(C)CC=C,0.397940009
CC(C)CCC=C,0.431363764
CCCC=C(C)C,0.278753601
CCC\C(C)=C/C,0.255272505
CCC/C(=C\C)/C,0.278753601
CCC(C)\C=C/C,0.414973348
CCC(C)\C=C\C,0.397940009
C\C=C/CC(C)C,0.361727836
C/C=C/CC(C)C,0.380211242
CC/C=C/C(C)C,0.354108439
CC/C=C/C(C)C,0.414973348
CC\C=C(C)/CC,0.255513713
CC/C=C(\C)/CC,0.291590826
CCCC(=C)CC,0.301029996
CCC(CC)=CC,0.255272505
CCC(C)C(C)=C,0.447158031
CCC(C)(C)C=C,0.546542663
CC(C)C(C)C=C,0.495544338
CC(C)(C)CC=C,0.651762447
CCC(C)=C(C)C,0.255272505
CC(C)C=C(C)C,0.457730548
C/C=C(/C)C(C)C,0.361727836
C\C=C(/C)C(C)C,0.342422681
C\C=C/C(C)(C)C,0.525174428
C/C=C/C(C)(C)C,0.568788212
CCC(C)/C=C\C,0.414973348
CC(=C)C(C)(C)C,0.566083784
CCCCCCC=C,-0.183029962
CCCCC/C=C/C,-0.22184875
CCCCC/C=C/C,-0.214670165
CCCC/C=C/CC,-0.180456064
CCCC/C=C/CC,-0.191181575
CCC\C=C\CCC,-0.180456064
CCC\C=C\CCC,-0.177047759
CCCCCC(C)=C,-0.124938737
CCCCC(C)C=C,0.0
CCCC(C)CC=C,-0.026872146
	C/C=C/CCC(C)C,-0.091514981
CCCCC(=C)CC,-0.13733205
CCCC(CC)C=C,0.0
CCC(CC)CC=C,-0.031517051
CCCC(C)C(C)=C,0.0
CCCC(C)=C(C)C,-0.167491087
CC\C=C/C(C)(C)C,0.116939647
CCC(C)(C)C(C)=C,0.041392685
CC(=C)CC(C)(C)C,0.19331943
CC(C)=CC(C)(C)C,0.109915863
CCCCCCCC=C,-0.657577319
CCCCCCCCC=C,-1.131943638
CCCCCCCCCC=C,-1.612610174
CCCCCCCCCCC=C,-2.080921908
CCCCCCCCCCCC=C,-2.468521083
CCCCCCCCCCCCC=C,-2.958607315
CCCCCCCCCCCCCCC=C,-3.698970004
[CH2]=[C]=[CH2],2.159997064
C[CH]=[C]=[CH2],1.565491268
C=CC=C,1.773009284
CC[CH]=[C]=[CH2],1.060357825
C/C=C\C=C,1.072657891
C/C=C/C=C,1.104012269
C[CH]=[C]=[CH]C,1.006209241
C[C](C)=[C]=[CH2],1.120610121
CC(=C)C=C,1.222164801
C1C=CC2C3CC(C=C3)C12,-0.940058112
CC1=CCC2CC1C2(C)C,-0.729554092
CC1(C)C2CCC(=C)C1C2,-0.913996294
CC#C,2.076829701
CCC#C,1.613261318
CCCC#C,1.130333768
Cc1ccccc1,0.013300787
CCc1ccccc1,-0.428058365
Cc1ccccc1C,-0.579879152
Cc1cccc(C)c1,-0.482144581
Cc1ccc(C)cc1,-0.459295217
CCCc1ccccc1,-0.848323769
CC(C)c1ccccc1,-0.729321164
CCc1ccccc1C,-0.963371105
CCc1cccc(C)c1,-0.898252926
CCc1ccc(C)cc1,-0.903437562
CC(C)Cc1ccccc1,-1.085128182
CCC(C)c1ccccc1,-1.115204636
CCCCCCCCCCc1ccccc1,-4.0
C=Cc1ccccc1,-0.608183076
CC=Cc1ccccc1,-0.943095149
C(c1ccccc1)c2ccccc2,-2.769551079
CC(c1ccccc1)c2ccccc2,-3.22184875
c1ccc(cc1)\C=C/c2ccccc2,-3.397940009
OC=O,0.172077257
CC(O)=O,-0.218603695
CCC(O)=O,-0.809948582
CCCC(O)=O,-1.3400838
CC(C)C(O)=O,-1.08249449
CCCCC(O)=O,-1.886056648
CC(C)CC(O)=O,-1.643974143
CCCCCC(O)=O,-2.568636236
CCO,0.363856319
CCCO,-0.057297631
CC(C)O,0.265148139
CCCCO,-0.494714326
CCC(C)O,-0.099305226
CC(C)(C)O,0.245290529
CCCC(C)O,-0.544241797
CC(C)CC(C)O,-0.636764196
Oc1ccccc1,-1.598599459
Cc1ccccc1O,-1.798602876
Cc1ccc(O)cc1,-2.214670165
C=O,2.042000272
CC=O,1.429447036
CCC=O,1.005733757
CCCC=O,0.57756073
C=CC=O,0.939469331
CC(=C)C=O,0.697848077
CCCN,0.99886501
CCCCN,0.503777069
CC(C)CN,0.676574734
C1COCCN1,-0.433326862
c1ccncc1,-0.107905397
Nc1ccccc1,-1.59345982
[nH]1ccc2ccccc12,-3.096910013
c1ccc2ncccc2c1,-2.48148606
COC=O,1.263574529
COC(C)=O,0.851973428
CCOC=O,0.901910363
CCOC(C)=O,0.514627432
CCCOC=O,0.457215569
CCCC(=O)OC,0.079506845
CCCOC(C)=O,0.093246531
CC(C)OC(C)=O,0.32876683
COC,2.087362533
CCOC,1.647318408
CCOCC,1.215756496
COC(C)(C)C,0.90161087
N,2.32528573
[Br],0.838635038
O=C=S,2.392621341
[Cl],2.198005156
Br,2.674991501
Cl,2.958497946
C#N,1.35625538
F,1.432078957
S,2.596146075
[O-][N+]=O,1.487806985
[O-][N+](=O)[N+]([O-])=O,1.311332073
O=[S]=O,1.944583831
O=[S](=O)=O,1.019378035
FC(Cl)(Cl)Cl,1.376868822
ClC(Cl)(Cl)Cl,0.577204473
FC(Cl)Cl,1.600835728
ClC(Cl)Cl,0.80959338
CF,2.878347698
ClC=C,1.917349514
CC(Cl)(Cl)Cl,0.61333432
ClCC(Cl)Cl,-0.068796475
CC(Cl)Cl,0.86522838
ClCCCl,0.436067187
CC(F)F,2.096193705
CCCl,1.545841304
CC(Cl)CCl,0.258828771
CC(C)=O,0.875124955
CCC(=O)CC,0.125416198
CSSC,0.018242667
CCS,1.208820124
O,-0.022230682
CC(O)CO,-2.119186408
OCCOCCO,-3.301029996
NCCO,-1.692503962
CN1CCCC1=O,-1.785156152
C[S](C)=O,-1.562249437
S1C=CC=C1,1.901458321
O1C=CC=C1,2.77815125
C1CCSC1,1.255272505
CC(C)(C)C#C,2.599883072
CC(=C)C(C)=C,2.181843588
CC#CC#CC,1.511883361
CC=CC(C)C,2.315970345
O=C1CCO1,0.531478917
CCC(C)CC,2.278753601
CC1=CSC=C1,1.346352974
CC1=CC=CS1,1.396199347
CC1=CC=CO1,2.152288344
CC1CCCC1,2.139879086
C1CCSCC1,0.903089987
C1COCO1,1.897627091
CC(C)C1CC1,2.311753861
CC(=O)C=O,1.426511261
CC(=C)C(C)=O,1.62324929
CC(C)(C)C=O,1.852479994
C1CCOCC1,1.854306042
CC(=O)CO,0.469822016
CCC(=C)C=O,1.561101384
CCC(C)C=O,1.675778342
CC1CC(=O)O1,-0.301029996
CC(C)(O)C=C,1.371067862
CC=CC(C)O,0.778874472
CC(C)=CCO,0.021189299
OCC1CO1,-0.045757491
C#CCCCC#C,1.403120521
CCC(CC)=CC,1.722633923
CCC(C)C(C)C,1.838219222
CCC(C)(C)CC,1.91750551
CC1=CC=CC=C1,1.45484486
CC1=CC=C(C)S1,0.477121255
CC1=CC=C(C)O1,1.72427587
CC1=CCCCC1,1.485721426
C1CCC=CCC1,1.294466226
CCC(O)C=C,0.985875357
C1COCOC1,1.591064607
CCC(C)CC=C,1.866287339
CCCCC=CC,1.684845362
CCCC(C)CC,1.788875116
OCCCC=C,0.485721426
CCSCCO,-0.721246399
CC(O)C(C)=O,0.42975228
COC(C)CO,0.612783857
OCC([O-])=O,-1.698970004
CC(C)=CC=C(C)C,1.245512668
CC=CC=CC=O,0.681241237
O=C1CCCC=C1,0.558708571
CC1CCC(=O)O1,-0.301029996
CC(O)C(C)(C)C,0.944975908
CC(=O)CCO,-0.070581074
CC(O)CC=O,0.117271296
CC(C)C(C)C(C)C,1.432969291
CCC(C)C(C)(C)C,1.506505032
C#CC1=CC=CC=C1,0.31386722
CC1=CC=CC(C)=C1,0.918554531
CC1=CC=C(C)C=C1,0.946452265
CC1=C(C)C=CC=C1,0.822821645
CC1CCCC(C)C1,1.330413773
CCCC(C)C=O,1.252853031
CCCC(=O)CC,1.1430148
O=CC1=CC=CS1,-0.259637311
O=CC1=COC=C1,0.726727209
O=CC1=CC=CO1,0.344392274
CCC(O)C(C)C,0.730782276
CCC(C)(C)CO,0.444044796
CCC(C)(O)CC,0.745074792
OC1=CC=CC=C1,-0.455931956
CC(=C)CCC(C)=C,1.572871602
CCC(C)C(C)CC,1.336459734
CCC(C)CC(C)C,1.482873584
CCC(CC)C(C)C,1.380211242
CCCC(C)C(C)C,1.369215857
CCCC(C)(C)CC,1.456366033
C=CC1=CC=CC=C1,0.806179974
CCC1=CC=CC=C1,0.982271233
C=CC1CCC=CC1,1.195899652
C1C2CCCCC12,1.357934847
CCC(CC)CO,0.184691431
CC(C)CCCO,0.230448921
CCCC(O)CC,0.682145076
OCC1=CC=CS1,-1.698970004
CC(C)CCCC=C,1.401400541
CCCC(C)CCC,1.311753861
O=S1(=O)CC=CC1,-0.468521083
O=S1(=O)CCCC1,-2.207608311
C=CCCCCC=C,1.176091259
C1C2C=CC1C=C2,1.40654018
C1CC2CCC1C2,1.51851394
COC1=CC=CC=C1,0.549003262
CC1CCCC(=O)C1,0.176091259
CC(C)OCCO,0.716003344
CCOCC(C)O,0.875061263
COC(OC)OC,1.910624405
CC1=CC=CC(C)=C1C,0.227886705
CC1=CC(C)=CC(C)=C1,0.394451681
CC1=CC(C)=C(C)C=C1,0.322219295
O=CC1=CC=CC=C1,0.103803721
CC(=O)C1=CC=CS1,-0.443697499
O=CC1CCC=CC1,0.255272505
CCC(C)C(C)(C)O,0.657055853
CC1=CC=C(O)C=C1,-0.958607315
CC1=CC(O)=CC=C1,-0.958607315
CC1=C(O)C=CC=C1,-0.744727495
CCOCCCO,0.913813852
CC1=CC=C(C=C)C=C1,0.257678575
CC1=C(C=C)C=CC=C1,0.267171728
CC1=CC(C=C)=CC=C1,0.230448921
CC(=C)C1=CC=CC=C1,0.278753601
CCC1=CC=C(C)C=C1,0.477121255
CCC1=C(C)C=CC=C1,0.416640507
CCC1=CC(C)=CC=C1,0.482873584
CC(C)C1=CC=CC=C1,0.653212514
CCC(C)C(C)CO,0.0
CCC(O)(CC)CC,0.33243846
C=CCC1=CC=CC=C1,0.227886705
CCCC1=CC=CC=C1,0.534026106
CCCC1CCCCC1,0.622214023
CC1(C)CCC(C)(C)O1,1.158362492
CCCCC(O)CC,-0.13076828
CCOC(C)OCC,1.440909082
CCCCC(C)CCC,0.834420704
COC1=CC=CC(C)=C1,0.176091259
COC1=CC=C(C)C=C1,0.056904851
COC1=C(C)C=CC=C1,0.176091259
CC(=O)COC(C)=O,0.0
CC(=O)CCC(C)=O,0.204119983
OCC1CCCCO1,-1.0
CC1=CC(C)=C(C)C(C)=C1,-0.30980392
CC(C)=C1CCC(C)=CC1,-0.13076828
CC(=O)CCC=C(C)C,-0.124938737
CC1=CC=C(C=O)C=C1,-0.602059991
CC1=C(C=O)C=CC=C1,-0.474955193
CC1=CC(C=O)=CC=C1,-0.42136079
CC(=O)C1=CC=CC=C1,-0.401209493
CCOC1=CC=CC=C1,0.184691431
CC1=CC(O)=CC(C)=C1,-1.392544977
CC1=CC=CC(C)=C1O,-0.562249437
CC1=C(C)C(O)=CC=C1,-1.050609993
CC1=C(C)C=C(O)C=C1,-1.448550002
CC1=CC(C)=C(O)C=C1,-0.991399828
CC1=CC(O)=C(C)C=C1,-0.806875402
OC1(CCCCC1)C#C,-0.886056648
COC(OC)C(C)=O,0.928395852
CC(C)C1=CC=CC(C)=C1,0.235528447
CC(C)C1=CC=C(C)C=C1,0.176091259
CC(C)C1=C(C)C=CC=C1,0.176091259
CC(C)(C)C1=CC=CC=C1,0.342422681
CC(=C)C1CCC(C)=CC1,0.190331698
O1C=CC2=C1C=CC=C2,-0.356547324
C1C=CC2=C1C=CC=C2,0.041392685
CCC(C)CC(=O)CC,0.301029996
O=CCC1=CC=CC=C1,-0.408935393
CC(C)CC(C)(C)CO,-0.30980392
CCC1=CC=C(O)C=C1,-1.42945706
CCC1=CC(O)=CC=C1,-1.301029996
CCC1=C(O)C=CC=C1,-0.815308569
CC(O)C1=CC=CC=C1,-1.0
CC1CCC(CO)CC1,-1.236572006
CC(CCC=C(C)C)C=C,0.409933123
C=CC1=C(C=C)C=CC=C1,-0.15490196
CCC1=CC=C(CC)C=C1,0.012837225
CCC1=CC(CC)=CC=C1,0.079181246
CCC1=C(CC)C=CC=C1,0.021189299
CCCC1=C(C)C=CC=C1,-0.004364805
CC(C)CC1=CC=CC=C1,0.285557309
CCC(C)C1=CC=CC=C1,0.243038049
CCCCCC=CC=O,-0.229147988
O=C1CC2CCC1C2,0.320146286
CCCCCC(C)(C)O,-0.207608311
CCCCC1=CC=CC=C1,0.025305865
CC=C1CC2CC1C=C2,0.62324929
CC1=CC(=O)CC(C)(C)C1,-0.358525889
C1OCC2=C1C=CC=C2,-0.13076828
CC(C)CCCCCO,-0.463441557
CCCCC(CC)CO,-0.866461092
CC(O)COC(C)(C)C,0.681241237
COC1=CC=C(O)C=C1,-2.170696227
COC1=C(O)C=CC=C1,-0.987162775
OC1=CC=CC=CC1=O,-3.168130226
CC1(C)COC(=O)C1O,-1.22184875
CC1=CC(C)=C(C)C(C)=C1C,-1.522878745
CC(=O)C1=CC=CC(C)=C1,-0.657577319
CC(=O)C1=CC=C(C)C=C1,-0.657577319
CC1=CC(C)=C(O)C(C)=C1,-1.301029996
CC1=C(C)C(O)=C(C)C=C1,-1.522878745
CC1CC(O)CC(C)(C)C1,-1.0
OC1=CC(C=O)=CC=C1,-2.0
CC1=CC=C(C=C1)C(C)(C)C,-0.187086643
C1=CC2=C(C=C1)C=CC=C2,-1.070581074
C1CC2=C(C=C1)C=CC=C2,-0.552841969
CC1=CCC2C(C1)C2(C)C,0.57054294
C1CCC2=C(C1)C=CC=C2,-0.425968732
C1CCC2CCCCC2C1,0.361727836
CC(CCC=C(C)C)C=O,-0.119186408
CC(=O)CC1=CC=CC=C1,-0.795880017
CCC(=O)C1=CC=CC=C1,-0.769551079
C1OC2=C(O1)C=CC=C2,-0.244125144
CCCCOCC(C)O,0.146128036
OCC1=CC=C(O1)C=O,-2.277366077
CC1=C(O)C(=O)C=CO1,-3.294992041
CC(O)CC1=CC=CC=C1,-2.0
COC1=CC(OC)=CC=C1,-0.283996656
COC1=CC=C(OC)C=C1,-1.096910013
COC1=C(OC)C=CC=C1,-0.327902142
CC1(C)CC(=O)CC(=O)C1,-1.22184875
CC1(C)C2CCC(C2)C1=C,0.397940009
CC1CCC2CC1C2(C)C,0.340444115
OCCCC1=CC=CC=C1,-1.630784143
COC1=CC=C(C=O)C=C1,-1.482804102
COC1=C(C=O)C=CC=C1,-0.920818754
CCCCCC1=CC=CC=C1,-0.366531544
CC1=C(C)C(C)=C(C)C(C)=C1C,-3.065501549
C1CC=CCCC=CCCC=C1,-1.15490196
C1CCCCCCCCCCC1,-1.530177984
COC1=CC=C(C=CC)C=C1,-1.301029996
CC(=C)C1CC=C(C)C(=O)C1,-0.93930216
CC(C)C1CCC(C)CC1=O,-0.568636236
O=CC1=CC=C(C=O)C=C1,-2.395773947
O=CC1=CC(C=O)=CC=C1,-2.101823517
O=CC1=C(C=O)C=CC=C1,-2.376692808
CC(=O)C1=CC=C(O)C=C1,-2.126098402
CC(=O)C1=CC(O)=CC=C1,-2.126098402
CC(=O)C1=C(O)C=CC=C1,-2.126098402
CCOC1=C(O)C=CC=C1,-1.698970004
CC(C)=CC(C)(C)CC(C)(C)C,0.591064607
COC1=CC=C(CC=C)C=C1,-0.782516056
CC(C)C1=C(O)C=C(C)C=C1,-1.795880017
CC(C)(C)C1=CC=C(O)C=C1,-2.036684489
CC(C)(C)C1=CC(O)=CC=C1,-1.698970004
CC(C)C1(O)CCC(C)=CC1,-1.397940009
CC1=CCC(CC1)C(C)(C)O,-1.373659633
OC1=CC=C2CCCC2=C1,-2.0
OCCOC1=CC=CC=C1,-2.15490196
CC(=C)C1=CC(=CC=C1)C(C)=C,-0.795880017
CC(C)C1=CC=C(C=C1)C(C)C,-0.619788758
CC(C)C1=CC=CC(=C1)C(C)C,-0.408935393
CC(CCC=C(C)C)CC=O,-0.602059991
CCCC(=O)C1=CC=CC=C1,-1.096910013
CC(C)=CCCC(C)=CCO,-1.522878745
CCC(C)C1=C(O)C=CC=C1,-1.154281982
C1=CC=C(C=C1)C1=CC=CC=C1,-2.049148541
C1CCC(CC1)C1=CC=CC=C1,-1.522878745
C1CCC(CC1)C1CCCCC1,-1.0
CCC(C)(O)CCCC(C)C,-2.0
COC1=CC=CC(=C1)C(C)=O,-1.096910013
COC1=CC=C(C=C1)C(C)=O,-2.191114133
C1C=CC2C3CC(C=C3)C12,0.146128036
CC(C)CCCCCCC=O,-0.537602002
O=C1OC2=C(C=CC=C2)C=C1,-3.008773924
O=C1CCCC2=C1C=CC=C2,-1.698970004
CC1=C(C)C(C)=C(O)C(C)=C1C,-2.669586227
CCCCCCC1=CC=CC=C1,-0.920818754
CC1=CC=C2C=CC=C(C)C2=C1,-2.075720714
CC1=CC=C2C(C)=CC=CC2=C1,-1.835647144
CC1=CC(C)=C2C=CC=CC2=C1,-2.075720714
CC1=CC=CC2=C1C=CC=C2C,-2.075720714
CC1=CC=C(C)C2=C1C=CC=C2,-2.075720714
CC1=CC(=C(O)C=C1)C(C)(C)C,-1.602059991
CC1=CC(O)=C(C=C1)C(C)(C)C,-1.698970004
OC1=CC=CC2=C1C=CC=C2,-3.562249437
OC1=CC=C2C=CC=CC2=C1,-2.537602002
OC1CCC2CCCCC2C1,-2.217527376
CC(O)COC1=CC=CC=C1,-2.661543506
CCCOCCOCCO,-1.301029996
CCC1=CC=C2C=CC=CC2=C1,-1.522878745
CC1(C)C2CCC1(C)C(=O)C2,-0.187086643
CC(C)C12CCC(C)(CC1)O2,0.285557309
CC1=C(C)C(=O)C(C)=C(C)C1=O,-2.540607512
OCCOCC1=CC=CC=C1,-1.698970004
CC1=CC=C(C=C1)C1=CC=CC=C1,-2.192464972
CC1=CC(=CC=C1)C1=CC=CC=C1,-2.099086932
CC12CCC(CC1)C(C)(C)O2,0.278753601
O=C1CCCCCCCCCCC1,-2.124938737
CC1(C)C2CC1C(C)(O)CC2,-1.15490196
COC1=C(O)C(C=O)=CC=C1,-2.987162775
C1=CC=C(C=C1)CC1=CC=CC=C1,-2.085656843
COC1=CC=C2C=CC=CC2=C1,-2.084600165
OC1CCCCCCCCCCC1,-3.42136079
CC(=O)C1=CC=C(C=C1)C(C)=O,-2.140861703
CC1=CC=C2C=C(C)C(C)=CC2=C1,-2.598599459
CC1=CC(=C(O)C(C)=C1)C(C)(C)C,-2.0
CC1=CC(OCC2CO2)=CC=C1,-1.397940009
COC1=C(O)C=CC(CC=C)=C1,-1.655607726
COC1=CC=CC(OC)=C1OC,-1.22184875
O=CC1=CC=C2OCOC2=C1,-3.0
OC1=CC=C(CC([O-])=O)C=C1,-4.255707017
O=C1CCC(CC1)C1=CC=CC=C1,-2.632644079
COC1=CC(C=O)=C(OC)C=C1,-2.0
C1=CC2=CC=CC3=C2C1=CC=C3,-2.318758763
C1CC2=CC=CC3=C2C1=CC=C3,-2.657577319
C=CCC1=CC2=C(OCO2)C=C1,-1.151195299
CC(O)CCC(=O)C1=COC=C1,-3.199282922
COC1=CC(O)=C(C=C1)C(C)=O,-3.165579296
CC1=C(CC2=CC=CC=C2)C=CC=C1,-2.522878745
CCCCC(CC)COCCO,-1.698970004
CC(=O)C=CC1C(C)=CCCC1(C)C,-1.721246399
S1C2=C(C=CC=C2)C2=C1C=CC=C2,-3.688246139
O1C2=C(C=CC=C2)C2=C1C=CC=C2,-2.605548319
COC1=CC=C(C=C1)C1=CC=CC=C1,-3.097453221
CCCCOCCOCC(C)O,-1.522878745
CC(C)C1=CC(=CC(=C1)C(C)C)C(C)C,-1.698970004
O=C(C1=CC=CC=C1)C1=CC=CC=C1,-2.714442691
CC1=CC(=O)C2=C(C=CC=C2)C1=O,-3.725842151
OC1=CC=C(CC2=CC=CC=C2)C=C1,-4.164309429
OC(C1=CC=CC=C1)C1=CC=CC=C1,-4.563837353
CC1=CC(=O)OC2=CC(O)=CC=C12,-5.140261434
C1=CC2=CC3=C(C=CC=C3)C=C2C=C1,-3.221270076
CC1=C2CC3=CC=CC=C3C2=CC=C1,-3.400116928
C1C2=C(OC3=C1C=CC=C3)C=CC=C2,-3.07211659
C1C2=C(CC3=C1C=CC=C3)C=CC=C2,-2.88941029
C1CC2=C(C=CC=C2)C2=CC=CC=C12,-3.353596274
CC(C)(C)C1=CC=CC(=C1O)C(C)(C)C,-2.13667714
CC(CC(C)(C)C)CC(C)(C)CC(C)(C)C,0.0
O=CC1=CC=CC(OC2=CC=CC=C2)=C1,-3.785156152
O=C1C2=C(C=CC=C2)C2=C1C=CC=C2,-4.242603971
CC1=CC=CC2=C1C=CC1=C2C=CC=C1,-4.300162274
CC1=C2C=CC=CC2=CC2=C1C=CC=C2,-4.300162274
CC1=CC=C2C=C3C=CC=CC3=CC2=C1,-4.300162274
CC1=CC=C2C(C=CC3=C2C=CC=C3)=C1,-4.300162274
CC1=CC(=C(O)C(=C1)C(C)(C)C)C(C)(C)C,-2.0
COC1=C2OCOC2=CC(CC=C)=C1,-2.189767482
CCCCCCCCC1=CC=C(O)C=C1,-4.008773924
CC(C)C(O)C(C)(C)COC(=O)C(C)C,-2.013228266
OC1=C(C=CC=C1)C(=O)C1=CC=CC=C1,-5.0
OC1=CC=C(OCC2=CC=CC=C2)C=C1,-4.647817482
O=C1C2=C(SC3=C1C=CC=C3)C=CC=C2,-4.869666232
O=C1C2=C(CC3=C1C=CC=C3)C=CC=C2,-4.73754891
O=C(OCC1CCC=CC1)C1CCC=CC1,-3.0
O=C1C(=O)C2=CC=CC3=C2C1=CC=C3,-4.804100348
CC1=CC2=C(C=C1)C=CC1=CC=C(C)C=C21,-4.739928612
CCC1=CC=C2C=C3C=CC=CC3=CC2=C1,-4.673664139
CC(C)CCCCCCC1=CC=C(O)C=C1,-4.025949097
C(COC1=CC=CC=C1)OC1=CC=CC=C1,-3.503070352
CCC(C)(C)C1=CC(=C(O)C=C1)C(C)(C)CC,-4.075204004
C1=CC=C(C=C1)C1=CC=CC(=C1)C1=CC=CC=C1,-4.756961951
C1=CC=C(C=C1)C1=CC=C(C=C1)C1=CC=CC=C1,-6.468521083
OCC1=C2C=CC=CC2=CC2=C1C=CC=C2,-7.301029996
S1C2=C(C=CC=C2)C2=C1C=C1C=CC=CC1=C2,-6.045757491
CC(C)(C)C1=CC(=C(O)C(=C1)C(C)(C)C)C(C)(C)C,-3.179798541
CC1CC(C)(C)C2=CC(C(C)=O)=C(C)C=C2C1(C)C,-3.290730039
CC(C)CCCC(C)CCCC(C)CCCC(C)C,-2.356547324
O=C1C2=CC=CC3=C2C(=CC=C3)C2=C1C=CC=C2,-6.657577319
OC(C1=CC=CC=C1)(C1=CC=CC=C1)C1=CC=CC=C1,-7.522878745
C1=CC=C(C=C1)C1=C2C=CC=CC2=CC2=C1C=CC=C2,-7.045757491
CC(C)=CC1C(C(=O)OCC2=C(C)C=C(C)C=C2)C1(C)C,-4.764471553
